"Lab_Number","Station_ID","Sampled_by","Sample_Date","Sample_Time","Date_received","Sample_Year","Sample_Month","EC_uS.cm","pH","TDS_ppm","Sum_TDS_ppm","TSS_ppm","Na_ppm","K_ppm","Ca_ppm","Mg_ppm","CO3_ppm","HCO3_ppm","Alk_ppm","Cl_ppm","SO4_ppm","SiO2_ppm","F_ppm","Total_P","Total_Dissolved_P","NH3_N","NO3_NO2_asN","Total_N","As","Be","Cd","Cr","Cu","Mn","Mo","Ni","Pb","Zn","Al","Fe","Se"
220052,"A-BHC-S","RQ",2022-01-11,"1810",2022-01-13,"2022","January",1414,7.8,747,761.301,3.42465753424658,217.1,8.44,53.23,15.2,1.4,176.656,144.8,324,38.6,17.67,0.23,0.0547,0.0196,0.0249,0.181,0.608,30.7,3.36,7.04,5.44,0.57,14.2,4.06,7.66,29,544,181,1.63,27.8
220053,"A-BHC-B","RQ",2022-01-11,"1815",2022-01-13,"2022","January",1407,7.75,727,756.807,51.1111111111111,215.1,5.67,52.28,15.42,1.4,181.536,148.8,322,38.9,17.99,0.21,0.1214,0.0278,0.0673,0.167,0.774,30.7,3.36,7.04,5.44,0.57,33.18,4.06,7.66,29,544,181,6.7,27.8
220054,"A-D-S","RQ",2022-01-11,"1650",2022-01-13,"2022","January",1397,7.79,749,753.166,2.41758241758244,216.7,5.69,52.52,15.14,1.4,173.728,142.4,321,38.5,17.95,0.21,0.0529,0.0309,0.0108,0.226,0.559,30.7,3.36,7.04,5.44,0.57,14.2,4.06,7.66,29,544,181,1.63,27.8
220055,"A-D-B","RQ",2022-01-11,"1700",2022-01-13,"2022","January",1388,7.82,747,758.981,2.44897959183674,219.4,5.73,53.52,15.32,1.4,179.584,147.2,320,38.4,18.07,0.2,0.0535,0.0327,0.0138,0.221,0.546,30.7,3.36,7.04,5.44,0.57,14.2,4.06,7.66,29,544,181,1.63,27.8
220056,"A-M-S","RQ",2022-01-11,"1730",2022-01-13,"2022","January",1397,7.86,751,758.792,2.7659574468085,218.2,5.69,53.83,15.23,1.4,174.704,143.2,323,38.8,17.88,0.2,0.0518,0.0309,0.0086,0.242,0.545,30.7,3.36,7.04,5.44,0.57,14.2,4.06,7.66,29,544,181,1.63,27.8
220057,"A-M-B","RQ",2022-01-11,"1740",2022-01-13,"2022","January",1401,7.89,742,763.238,2,220,5.6,53.63,15.17,1.4,178.608,146.4,324,38.8,18.01,0.21,0.0487,0.0296,0.0103,0.188,0.522,30.7,3.36,7.04,5.44,0.57,14.2,4.06,7.66,29,544,181,1.63,27.8
220058,"B-BC-S","RQ",2022-01-10,"1500",2022-01-13,"2022","January",576,8.04,325,346.122,5.05263157894735,37.12,3.74,48.43,31.48,1.4,259.616,212.8,25.1,53.2,19.18,0.28,0.0633,0.0281,0.0452,0.192,0.843,30.7,3.36,7.04,5.44,2.06,14.2,4.06,7.66,29,544,181,1.63,27.8
220059,"B-BC-B","RQ",2022-01-10,"1515",2022-01-13,"2022","January",558,8.16,323,336.948,16.4444444444444,34.51,3.6,47.28,31.13,1.4,264.496,216.8,21.4,49.1,19.66,0.27,0.0813,0.053,0.0294,0.188,0.512,30.7,3.36,7.04,5.44,1.81,14.2,4.06,7.66,29,544,181,1.63,27.8
220060,"B-D-S","RQ",2022-01-10,"1710",2022-01-13,"2022","January",581,8.21,334,350.803,2,36.28,3.83,48.23,32.12,1.4,274.256,224.8,22.8,53.1,19.28,0.3,0.0506,0.0299,0.0125,0.283,0.612,30.7,3.36,7.04,5.44,0.57,14.2,4.06,7.66,29,544,181,1.63,27.8
220061,"B-D-B","RQ",2022-01-10,NA,2022-01-13,"2022","January",541,8.07,298,327.297,6.38297872340426,32.78,3.37,45.55,29.61,1.4,259.616,212.8,20.5,46.9,20.68,0.29,0.0484,0.0302,0.0467,0.227,0.639,30.7,3.36,7.04,5.44,0.57,14.2,4.06,7.66,29,544,181,6.3,27.8
220062,"B-M-S","RQ",2022-01-10,"1800",2022-01-13,"2022","January",587,8.07,357,352.726,2.68041237113404,36.48,3.86,48.23,32.53,1.4,277.184,227.2,22.7,52.8,19.53,0.28,0.0491,0.0286,0.0118,0.276,0.997,30.7,3.36,7.04,5.44,0.57,14.2,4.06,7.66,29,544,181,1.63,27.8
220063,"B-M-B","RQ",2022-01-10,"1810",2022-01-13,"2022","January",554,8.09,322,338.755,5.77319587628865,33.88,3.58,46.84,30.75,1.4,271.328,222.4,21.1,48.7,20.22,0.29,0.06,0.0334,0.0306,0.245,0.735,30.7,3.36,7.04,5.44,0.57,14.2,4.06,7.66,29,544,181,9.8,27.8
220064,"B-MBL-S","RQ",2022-01-10,"1645",2022-01-13,"2022","January",584,8.14,332,352.844,3.125,37.09,3.87,49.32,32.46,1.4,269.376,220.8,23.5,54.59,19.29,0.295,0.0504,0.0296,0.0068,0.244,0.752,30.7,3.36,7.04,5.44,0.71,14.2,4.06,7.66,29,544,181,2.9,27.8
220065,"R-CRS-S","RQ",2022-01-11,"1010",2022-01-13,"2022","January",1368,7.76,725,743.69,2,213.6,5.65,51.99,15.83,1.4,171.776,140.8,316,39.9,16.06,0.18,0.0328,0.0171,0.0255,0.18,0.637,30.7,3.36,7.04,5.44,1.57,15.38,4.06,7.66,29,544,181,5.3,27.8
220066,"R-CRS-B","RQ",2022-01-11,"1020",2022-01-13,"2022","January",1363,7.73,690,739.537,3.02375809935206,213.7,5.57,51.28,15.33,1.4,166.896,136.8,317,38.3,16.12,0.18,0.0385,0.0219,0.0399,0.157,0.634,30.7,3.36,7.04,5.44,0.57,40.75,4.06,7.66,29,544,181,9.4,27.8
220067,"R-D-S","RQ",2022-01-11,"1120",2022-01-13,"2022","January",1374,7.69,744,745.436,2.50000000000001,216.5,5.58,51.46,15.43,1.4,166.896,136.8,319,39,16.2,0.18,0.0394,0.0252,0.0323,0.186,0.671,30.7,3.36,7.04,5.44,0.98,36.79,4.06,7.66,29,544,181,11.6,27.8
220068,"R-D-B","RQ",2022-01-11,"1130",2022-01-13,"2022","January",1302,7.48,697,705.557,4.89795918367348,200.4,5.18,51.12,14.48,1.4,171.776,140.8,298,34.999,16.78,0.18,0.0983,0.0664,0.2689,0.118,0.868,30.7,3.36,7.04,5.44,0.57,295.2,4.06,7.66,29,544,181,23.9,27.8
220069,"R-M-S","RQ",2022-01-11,"1220",2022-01-13,"2022","January",1380,7.71,736,739.919,2,212.6,5.61,50.74,15.34,1.4,162.016,132.8,321,38.932,15.84,0.18,0.0347,0.0202,0.002,0.177,0.763,30.7,3.36,7.04,5.44,0.57,15.8,4.06,7.66,29,544,181,9.2,27.8
220070,"R-M-B","RQ",2022-01-11,"1235",2022-01-13,"2022","January",1370,7.71,743,740.071,2.56410256410256,213.9,5.65,50.44,15.18,1.4,162.016,132.8,320,38.7,16.3,0.18,0.0335,0.0193,0.0238,0.221,0.713,30.7,3.36,7.04,5.44,0.57,14.4,4.06,7.66,29,544,181,9.1,27.8
220071,"R-WH-S","RQ",2022-01-11,"1405",2022-01-13,"2022","January",1519,7.8,820,827.762,2.4070021881838,243.7,6.19,52.36,16.18,1.4,178.608,146.4,363,42.7,15.64,0.18,0.025,0.0113,0.018,0.152,0.69,30.7,3.36,7.04,5.44,0.57,14.2,4.06,7.66,29,544,181,2.5,27.8
220072,"R-WH-B","RQ",2022-01-11,"1410",2022-01-13,"2022","January",1524,7.78,816,823.264,2,245.7,6.26,52.76,16.4,1.4,162.016,132.8,364,42.76,15.56,0.18,0.023,0.0079,0.0156,0.144,0.602,30.7,3.36,7.04,5.44,0.57,14.2,4.06,7.66,29,544,181,2.4,27.8
230092,"A-BHC-S","AQ",2023-01-18,"1728",2023-01-20,"2023","January",1461,8.08,779,789.105,4.51612903225805,219.8,6.24,50.69,16.71,1.4,183.488,150.4,348,39.7,17.48,0.25,0.026,0.035,0.0326,0.245,0.408,30.7,3.36,7.04,5.44,1.16,14.2,4.06,7.66,29,544,181,11.37,27.8
230093,"A-BHC-B","AQ",2023-01-18,"1740",2023-01-20,"2023","January",1461,8.07,782,785.132,4.64646464646467,221.3,8.12,48.96,16.52,1.4,178.608,146.4,345,39.4,17.83,0.25,0.028,0.048,0.0329,0.162,0.533,30.7,3.36,7.04,5.44,1.68,14.2,4.06,7.66,29,544,181,6.59,27.8
230094,"A-D-S","AQ",2023-01-18,"1545",2023-01-20,"2023","January",1403,8.02,763,761.567,14.5360824742268,214.3,7.71,47.22,15.36,1.4,178.608,146.4,332,38.2,18.69,0.25,0.037,0.061,0.0124,0.247,0.578,30.7,3.36,7.04,5.44,1.04,14.2,4.06,7.66,29,544,181,8.42,27.8
230095,"A-D-B","AQ",2023-01-18,"1600",2023-01-20,"2023","January",1402,8,740,752.138,16.7346938775511,209.4,7.5,47.26,15.7,1.4,173.728,142.4,330,37.9,18.64,0.24,0.036,0.065,0.0097,0.298,0.558,30.7,3.36,7.04,5.44,0.95,14.2,4.06,7.66,29,544,181,13.35,27.8
230096,"A-M-S","AQ",2023-01-18,"1644",2023-01-20,"2023","January",1483,8.1,789,794.179,2,224.2,7.63,48.01,16.55,1.4,183.488,150.4,350,39.66,17.72,0.244,0.025,0.034,0.009,0.169,0.429,30.7,3.36,7.04,5.44,0.98,14.2,4.06,7.66,29,544,181,6.38,27.8
230097,"A-M-B","AQ",2023-01-18,"1655",2023-01-20,"2023","January",1486,8.07,798,792.314,2,220.8,7.41,48.49,15.69,1.4,183.488,150.4,352,39.9,17.54,0.24,0.027,0.034,0.0061,0.244,0.432,30.7,3.36,7.04,5.44,0.74,14.2,4.06,7.66,29,544,181,3.63,27.8
230098,"A-TMI-S","AQ",2023-01-18,"1444",2023-01-20,"2023","January",1480,8.03,785,788.39,2,225.4,7.48,44.4,15.48,1.4,173.728,142.4,349,42.9,18.14,0.64,0.026,0.036,0.0985,0.15,0.466,30.7,3.36,7.04,5.44,1.27,14.2,4.06,7.66,29,544,181,11.77,27.8
230099,"B-BC-S","AQ",2023-01-17,"1423",2023-01-20,"2023","January",575,8.28,336,337.021,10.5263157894737,40.47,3.31,37.83,30.69,1.4,261.568,214.4,32.3,46.3,17.2,0.25,0.021,0.051,0.0548,0.281,0.494,30.7,3.36,7.04,5.44,1.97,14.2,4.06,7.66,29,544,181,21.74,27.8
230100,"B-BC-B","AQ",2023-01-17,"1441",2023-01-20,"2023","January",473,8.21,283,282.503,18.1632653061224,29.68,2.67,38.25,25.61,1.4,232.288,190.4,17.985,35.5,18.26,0.2,0.027,0.07,0.0645,0.308,0.543,30.7,3.36,7.04,5.44,1.74,14.2,4.06,7.66,29,544,181,27.18,27.8
230101,"B-D-S","AQ",2023-01-17,"1515",2023-01-20,"2023","January",608,8.32,322,359.134,5.62500000000004,42.4,3.18,42.18,33.86,1.4,281.088,230.4,28.12,53.6,17.21,0.27,0.02,0.033,0.0134,0.344,0.415,30.7,3.36,7.04,5.44,1.18,14.2,4.06,7.66,29,544,181,12.15,27.8
230102,"B-D-B","AQ",2023-01-17,"1530",2023-01-20,"2023","January",600,8.28,317,350.127,5.59999999999997,37.31,3.12,39.93,34.63,1.4,285.968,234.4,24.56,52.997,16.78,0.27,0.017,0.035,0.0221,0.16,0.411,30.7,3.36,7.04,5.44,0.57,14.2,4.06,7.66,29,544,181,15.19,27.8
230104,"B-M-S","AQ",2023-01-17,"1557",2023-01-20,"2023","January",608,8.37,331,362.098,2,40.69,3.07,41.54,35.98,1.4,288.896,236.8,26.388,55.3,16.88,0.28,0.012,0.026,0.0067,0.17,0.348,30.7,3.36,7.04,5.44,0.81,14.2,4.06,7.66,29,544,181,6.08,27.8
230105,"B-M-B","AQ",2023-01-17,"1611",2023-01-20,"2023","January",590,8.35,342,356.252,7.15789473684206,40.07,3.14,42.84,35.18,1.4,284.992,233.6,24.531,53.2,16.98,0.27,0.017,0.038,0.0308,0.151,0.427,30.7,3.36,7.04,5.44,0.84,14.2,4.06,7.66,29,544,181,7.9,27.8
230106,"B-MBL-S","AQ",2023-01-17,"1639",2023-01-20,"2023","January",608,8.41,342,362.058,2.88659793814428,41.14,3.09,42.21,35.07,1.4,288.896,236.8,25.717,55.6,16.94,0.28,0.011,0.029,0.0069,0.211,0.367,30.7,3.36,7.04,5.44,4.46,14.2,4.06,7.66,29,544,181,8.67,27.8
230107,"C-BCF-S","AQ",2023-01-19,"1025",2023-01-20,"2023","January",1326,7.95,715,702.956,3.78947368421049,193.6,5.84,45.48,15.64,1.4,165.92,136,307,34.99,18.53,0.2,0.054,0.073,0.0554,0.276,0.712,30.7,3.36,7.04,5.44,1.39,14.2,4.06,7.66,29,544,181,8.37,27.8
230108,"C-BD-S","AQ",2023-01-19,"0937",2023-01-20,"2023","January",1297,8.01,698,702.36,52.3711340206185,195.4,6.08,44.09,15.01,1.4,173.728,142.4,300.7,35.7,19.58,0.23,0.045,0.108,0.0267,0.36,0.705,30.7,3.36,7.04,5.44,1.59,14.2,4.06,7.66,29,544,181,18.93,27.8
230109,"C-D-S","AQ",2023-01-19,"1120",2023-01-20,"2023","January",1212,7.92,646,638.151,14.9484536082474,171.2,5.59,41.83,13.49,1.4,154.208,126.4,279,32,18.88,0.214,0.067,0.092,0.0597,0.321,0.788,30.7,3.36,7.04,5.44,1.41,14.2,4.06,7.66,29,544,181,17.75,27.8
230110,"C-D-B","AQ",2023-01-19,"1140",2023-01-20,"2023","January",1390,7.91,746,732.752,9.48453608247422,201.9,6.21,47.86,15.57,1.4,163.968,134.4,326,36.5,17.83,0.2,0.056,0.077,0.085,0.242,0.685,30.7,3.36,7.04,5.44,0.82,14.2,4.06,7.66,29,544,181,10.65,27.8
230111,"C-M-S","AQ",2023-01-19,"1225",2023-01-20,"2023","January",1251,7.89,670,668.834,4.69387755102043,183.3,5.72,44.18,14.3,1.4,163.968,134.4,288,32.99,19.36,0.197,0.071,0.086,0.0915,0.344,0.763,30.7,3.36,7.04,5.44,1.07,14.2,4.06,7.66,29,544,181,13.07,27.8
230112,"GR-D-S","AQ",2023-01-19,"1625",2023-01-20,"2023","January",688,8.44,387,402.942,24.065934065934,58.59,3.21,46,30.58,1.4,271.328,222.4,62.76,48.955,19.09,0.295,0.042,0.07,0.0471,0.317,0.796,30.7,3.36,7.04,5.44,1.3,14.2,4.06,7.66,29,544,181,6.93,27.8
230113,"R-CRS-S","AQ",2023-01-18,"1226",2023-01-20,"2023","January",1466,7.99,772,774.825,8.02083333333338,211.5,6.17,47.83,16.07,1.4,178.608,146.4,349.5,38.772,16.92,0.167,0.021,0.035,0.0242,0.223,0.452,30.7,3.36,7.04,5.44,1.25,14.2,4.06,7.66,29,544,181,10.77,27.8
230114,"R-CRS-B","AQ",2023-01-18,"1246",2023-01-20,"2023","January",1455,7.95,780,774.551,16.9791666666667,217,6.36,46.41,15.38,1.4,173.728,142.4,348,38.7,17.03,0.18,0.027,0.048,0.0353,0.231,0.516,30.7,3.36,7.04,5.44,0.9,23.08,4.06,7.66,29,544,181,15.51,27.8
230115,"R-D-S","AQ",2023-01-18,"1133",2023-01-20,"2023","January",1413,7.88,759,742.739,8.86597938144332,206.1,6,43.67,14.8,1.4,163.968,134.4,336,37.6,17.61,0.16,0.024,0.048,0.0241,0.319,0.524,30.7,3.36,7.04,5.44,1.63,14.2,4.06,7.66,29,544,181,23.23,27.8
230116,"R-D-B","AQ",2023-01-18,"1153",2023-01-20,"2023","January",1408,7.87,755,742.761,8.7755102040816,204.7,6.01,44.2,15.3,1.4,173.728,142.4,332,37.1,17.77,0.157,0.026,0.05,0.0321,0.241,0.542,30.7,3.36,7.04,5.44,1.63,15.2,4.06,7.66,29,544,181,15.87,27.8
230117,"R-M-S","AQ",2023-01-18,"1049",2023-01-20,"2023","January",1480,7.94,806,782.449,4.53608247422678,216.6,6.29,46.39,16.2,1.4,173.728,142.4,355,39.4,16.91,0.166,0.019,0.04,0.0269,0.219,0.489,30.7,3.36,7.04,5.44,1.4,14.2,4.06,7.66,29,544,181,15.48,27.8
230118,"R-M-B","AQ",2023-01-18,"1100",2023-01-20,"2023","January",1461,7.94,788,774.4,7.15789473684212,216.1,6.22,44.88,15.4,1.4,168.848,138.4,352,38.79,17.67,0.16,0.023,0.043,0.0314,0.3,0.5,30.7,3.36,7.04,5.44,1.5,14.2,4.06,7.66,29,544,181,18.02,27.8
230119,"R-WH-S","AQ",2023-01-18,"1100",2023-01-20,"2023","January",1460,8.02,774,777.457,4.94845360824743,216.9,6.26,45.43,16,1.4,178.608,146.4,347.52,39.943,17.41,0.167,0.017,0.036,0.0455,0.154,0.44,30.7,3.36,7.04,5.44,1.34,14.2,4.06,7.66,29,544,181,17,27.8
230120,"R-WH-B","AQ",2023-01-19,"1100",2023-01-20,"2023","January",1488,8,749,786.363,6.73684210526316,223.1,6.26,44.97,15.7,1.4,163.968,134.4,358,39.3,18.1,0.163,0.018,0.04,0.0494,0.293,0.461,30.7,3.36,7.04,5.44,1.24,14.2,4.06,7.66,29,544,181,16.33,27.8
230121,"S-BC-S","AQ",2023-01-19,"1430",2023-01-20,"2023","January",1446,7.88,775,766.163,5,209.2,6.15,49.1,15.97,1.4,183.488,150.4,337,40.2,18.06,0.284,0.013,0.048,0.1024,0.243,0.677,30.7,3.36,7.04,5.44,1.37,14.2,4.06,7.66,29,544,181,8.93,27.8
230122,"S-BR-S","AQ",2023-01-19,"1530",2023-01-20,"2023","January",1487,8.02,797,781.563,2,216,6.11,48.08,15.99,1.4,183.488,150.4,347,40.1,17.89,0.258,0.005,0.028,0.0201,0.153,0.514,30.7,3.36,7.04,5.44,1.02,14.2,4.06,7.66,29,544,181,3.35,27.8
230124,"S-MD-S","AQ",2023-01-19,"1500",2023-01-20,"2023","January",1481,8.03,757,785.131,2,212.1,6.1,48.37,16.37,1.4,188.368,154.4,351,40.455,17.99,0.261,0.005,0.027,0.0251,0.106,0.492,30.7,3.36,7.04,5.44,1.68,14.2,4.06,7.66,29,544,181,6.12,27.8
230125,"S-MD-B","AQ",2023-01-19,"1515",2023-01-20,"2023","January",1487,8.04,778,786.102,2,214.1,6.11,47.94,16.1,1.4,183.488,150.4,353,40.64,17.89,0.259,0.005,0.024,0.0303,0.082,0.463,30.7,3.36,7.04,5.44,0.74,14.2,4.06,7.66,29,544,181,5.83,27.8
220218,"A-TMI-S","RQ",2022-02-08,"1330",2022-02-10,"2022","January",1387,7.91,732,755.429,3.40425531914898,217.3,6.202,46.73,14.59,1.4,187.392,153.6,313.165,45.36,19.84,0.843,0.0511,0.0398,0.0287,0.082,0.421,30.7,3.36,7.04,5.44,0.6,14.2,4.06,7.66,29,544,181,1.63,27.8
220219,"C-BCF-S","RQ",2022-02-09,"927",2022-02-10,"2022","January",1336,7.77,693,714.192,2,200.7,5.729,46.03,14.73,1.4,183.488,150.4,301,37.055,18.37,0.22,0.0762,0.0581,0.0157,0.338,0.819,30.7,3.36,7.04,5.44,0.57,14.2,4.06,7.66,29,544,181,1.63,27.8
220220,"C-BD-S","RQ",2022-02-09,"843",2022-02-10,"2022","January",1345,7.76,707,721.364,2,202.3,6.066,47.24,15.2,1.4,182.512,149.6,303,38.571,19,0.217,0.0736,0.0601,0.0284,0.227,0.654,30.7,3.36,7.04,5.44,0.597,14.2,4.06,7.66,29,544,181,1.63,27.8
220221,"C-D-S","RQ",2022-02-09,"956",2022-02-10,"2022","January",1344,7.78,669,712.781,2,202.2,5.788,47,14.61,1.4,175.68,144,302,36.787,17.62,0.211,0.0746,0.0883,0.0318,0.376,0.837,30.7,3.36,7.04,5.44,0.57,14.2,4.06,7.66,29,544,181,1.63,27.8
220222,"C-D-B","RQ",2022-02-09,"1013",2022-02-10,"2022","January",1323,7.83,680,713.844,2.35294117647062,205.1,5.781,46.78,14.46,1.4,172.752,141.6,302,36.669,17.7,0.209,0.0772,0.0644,0.041,0.394,0.841,30.7,3.36,7.04,5.44,0.57,14.2,4.06,7.66,29,544,181,1.63,27.8
220223,"C-M-S","RQ",2022-02-09,"1038",2022-02-10,"2022","January",1326,7.84,631,711.825,2,202.3,5.823,46.94,14.44,1.4,173.728,142.4,302,36.663,17.83,0.209,0.0761,0.0462,0.0248,0.389,0.84,30.7,3.36,7.04,5.44,0.57,14.2,4.06,7.66,29,544,181,1.63,27.8
220224,"GR-D-S","RQ",2022-02-09,"1310",2022-02-10,"2022","January",626,8.24,334,376.262,20.9803921568627,46.75,3.716,45.89,30.96,1.4,283.04,232,40.7,50.678,18.26,0.291,0.0815,0.005,0.02,0.108,0.579,30.7,3.36,7.04,5.44,0.57,14.2,4.06,7.66,29,544,181,25.91,27.8
220226,"B-BC-S","RQ",2022-02-07,"1420",2022-02-10,"2022","January",NA,NA,NA,NA,NA,NA,NA,NA,NA,NA,NA,NA,NA,NA,NA,NA,NA,0.0198,0.0399,NA,NA,30.7,3.36,7.04,5.44,1.073,14.2,4.06,7.66,29,544,181,1.63,27.8
220227,"B-BC-B","RQ",2022-02-07,"1435",2022-02-10,"2022","January",NA,NA,NA,NA,NA,NA,NA,NA,NA,NA,NA,NA,NA,NA,NA,NA,NA,0.0207,0.0288,NA,NA,30.7,3.36,7.04,5.44,1.51,14.2,4.06,7.66,29,544,181,1.63,27.8
220228,"S-BC-S","RQ",2022-02-10,"1022",2022-02-15,"2022","January",1394,8.06,745,752.519,5.19999999999999,213.7,6.047,48.94,15.47,1.4,192.272,157.6,317,39.408,17.33,0.281,0.0433,0.0173,0.0102,0.064,0.63,30.7,3.36,7.04,5.44,0.57,14.2,4.06,7.66,29,544,181,1.63,27.8
220229,"S-BR-S","RQ",2022-02-10,"1115",2022-02-15,"2022","January",1392,8.15,588,749.474,3,213,6.05,48.75,15.15,1.4,182.512,149.6,320,38.987,17.72,0.26,0.0413,0.017,0.0055,0.057,0.549,30.7,3.36,7.04,5.44,0.57,14.2,4.06,7.66,29,544,181,1.63,27.8
220230,"S-MD-S","RQ",2022-02-10,"920",2022-02-15,"2022","January",1395,8.09,746,748.023,4.39999999999998,214.2,6.088,48.6,15.22,1.4,178.608,146.4,319.3,38.978,17.68,0.26,0.0425,0.0196,0.0034,0.117,0.592,30.7,3.36,7.04,5.44,0.57,14.2,4.06,7.66,29,544,181,1.63,27.8
220231,"S-MD-B","RQ",2022-02-10,"940",2022-02-15,"2022","January",1394,7.97,613,750.262,2,213,5.868,46.91,15,1.4,185.44,152,320.856,39.542,17.75,0.275,0.0396,0.0267,0.0287,0.136,0.551,30.7,3.36,7.04,5.44,0.57,14.2,4.06,7.66,29,544,181,1.63,27.8
220501,"A-BHC-S","AQ",2022-04-06,"1715",2022-04-08,"2022","April",1416,8.67,763,777.631,3.3980582524272,224.3,6.11,48.95,15.62,19.2,162.016,148.8,334.187,42.403,16.79,0.36,0.0263,0.0263,0.0315,0.008,0.422,30.7,3.36,7.04,5.44,0.57,14.2,4.06,7.66,29,544,181,70.2,27.8
220502,"A-BHC-B","AQ",2022-04-06,"1730",2022-04-08,"2022","April",1440,7.81,761,772.779,2,222.4,6,49.43,15.52,1.4,179.584,147.2,332.45,41.283,17.35,0.286,0.0457,0.0457,0.031,0.008,0.54,30.7,3.36,7.04,5.44,0.57,14.38,4.06,7.66,29,544,181,70.2,27.8
220503,"A-D-S","AQ",2022-04-06,"1545",2022-04-08,"2022","April",1409,8.71,774,777.0275,3.5416666666667,223,5.97,48.15,15.36,14.4,167.872,149.6,335.824,42.2785,16.69,0.288,0.0263,0.0263,0.1826,0.008,0.555,30.7,3.36,7.04,5.44,0.57,14.2,4.06,7.66,29,544,181,70.2,27.8
220504,"A-D-B","AQ",2022-04-06,"1604",2022-04-08,"2022","April",1404,8.04,768,771.9375,2,222.1,5.98,48.78,15.33,1.4,173.728,142.4,335.6915,41.64,16.98,0.261,0.0386,0.0386,0.1924,0.012,0.491,30.7,3.36,7.04,5.44,0.57,14.2,4.06,7.66,29,544,181,70.2,27.8
220505,"A-M-S","AQ",2022-04-06,"1640",2022-04-08,"2022","April",1406,8.75,781,772.3425,3.54166666666664,221.6,5.95,47.63,15.34,14.4,161.04,144,336.518,42.2055,16.71,0.3,0.038,0.038,0.0449,0.008,0.395,30.7,3.36,7.04,5.44,0.57,14.2,4.06,7.66,29,544,181,70.2,27.8
220506,"A-M-B","AQ",2022-04-06,"1652",2022-04-08,"2022","April",1412,8.31,761,767.3435,3.5164835164835,219.7,5.86,47.24,15.17,1.4,180.56,148,332.5865,41.358,16.64,0.286,0.024,0.024,0.2923,0.008,0.369,30.7,3.36,7.04,5.44,0.57,14.2,4.06,7.66,29,544,181,70.2,27.8
220507,"A-TMI-S","AQ",2022-04-06,"1445",2022-04-08,"2022","April",1422,8.52,763,780.7595,6.38297872340426,225.9,6.16,46.62,15.16,9.6,170.8,148,336.704,44.4155,17.01,0.623,0.038,0.038,0.041,0.008,0.477,30.7,3.36,7.04,5.44,0.57,14.2,4.06,7.66,29,544,181,70.2,27.8
220508,"C-BCF-S","AQ",2022-04-07,"855",2022-04-08,"2022","April",1342,8.64,732,729.1535,4.58333333333331,212.6,6.01,43.5,14.84,9.6,151.28,132,317.979,38.8645,16.17,0.2853,0.054,0.054,0.0557,0.045,0.799,30.7,3.36,7.04,5.44,0.57,14.2,4.06,7.66,29,544,181,70.2,27.8
220509,"C-BD-S","AQ",2022-04-07,"815",2022-04-08,"2022","April",1402,8.11,751,766.8265,8.00000000000002,221.7,6.1,48.69,15.33,1.4,180.56,148,328.2855,40.634,17.2,0.264,0.048,0.048,0.0416,0.029,0.571,30.7,3.36,7.04,5.44,0.57,14.2,4.06,7.66,29,544,181,70.2,27.8
220510,"C-D-S","AQ",2022-04-07,"940",2022-04-08,"2022","April",1302,8.86,689,757.311,5.43478260869565,212,6.02,37.4,15.06,9.6,229.36,196,314.7495,39.1105,15.38,0.243,0.0347,0.0347,0.0683,0.008,0.695,30.7,3.36,7.04,5.44,0.57,14.2,4.06,7.66,29,544,181,70.2,27.8
220511,"C-D-B","AQ",2022-04-07,"1003",2022-04-08,"2022","April",1305,8.87,689,712.4955,4.31818181818183,211.8,6.03,37.2,14.9,19.2,131.76,124,314.4605,38.387,15.33,0.252,0.0353,0.0353,0.0402,0.008,0.612,30.7,3.36,7.04,5.44,0.57,14.2,4.06,7.66,29,544,181,70.2,27.8
220512,"C-M-S","AQ",2022-04-07,"1030",2022-04-08,"2022","April",1332,8.24,730,721.7125,2,207.5,5.92,45,14.92,1.4,170.8,140,310.5885,38.136,15.61,0.249,0.0355,0.0355,0.0626,0.008,0.606,30.7,3.36,7.04,5.44,0.57,14.2,4.06,7.66,29,544,181,70.2,27.8
220513,"GR-D-S","AQ",2022-04-07,"1545",2022-04-08,"2022","April",1249,8.39,679,682.4395,62.8260869565217,182.4,5.47,47.48,18.59,4.8,200.08,168,269.3365,43.254,15.12,0.33,0.0915,0.0915,0.0603,0.008,0.624,30.7,3.36,7.04,5.44,0.57,56.21,4.06,7.66,29,544,181,70.2,27.8
220514,"R-CRS-S","AQ",2022-04-06,"1225",2022-04-08,"2022","April",1443,8.46,768,785.4195,2,228.6,6.05,47.71,15.73,1.4,178.608,146.4,341.8385,42.674,14.99,0.213,0.0074,0.0074,0.0462,0.008,0.365,30.7,3.36,7.04,5.44,0.57,14.2,4.06,7.66,29,544,181,70.2,27.8
220515,"R-CRS-B","AQ",2022-04-06,"1245",2022-04-08,"2022","April",1451,7.92,764,786.628,5.54414784394254,228.9,6.09,47.73,15.76,1.4,174.704,143.2,344.25,42.821,15.17,0.201,0.0268,0.0268,0.052,0.008,0.468,30.7,3.36,7.04,5.44,0.57,14.2,4.06,7.66,29,544,181,70.2,27.8
220516,"R-D-S","AQ",2022-04-06,"1107",2022-04-08,"2022","April",1462,8.4,793,803.0635,2,236.8,6.16,48.28,16.07,1.4,178.608,146.4,349.25,43.3665,15.31,0.199,0.0061,0.0061,0.0523,0.008,0.377,30.7,3.36,7.04,5.44,0.57,14.2,4.06,7.66,29,544,181,70.2,27.8
220517,"R-D-B","AQ",2022-04-06,"1146",2022-04-08,"2022","April",1468,7.8,780,802.6935,2,234.9,6.21,48.54,15.99,1.4,170.8,140,353.795,43.6695,15.55,0.197,0.0213,0.0213,0.0822,0.05,0.527,30.7,3.36,7.04,5.44,0.57,14.2,4.06,7.66,29,544,181,70.2,27.8
220518,"R-M-S","AQ",2022-04-06,"1052",2022-04-08,"2022","April",1486,8.46,801,815.6385,2,240.7,6.25,48.39,16.36,1.4,175.68,144,357.63,44.3515,15.57,0.212,0.005,0.005,0.047,0.008,0.343,30.7,3.36,7.04,5.44,0.57,14.2,4.06,7.66,29,544,181,70.2,27.8
220519,"R-M-B","AQ",2022-04-06,"1107",2022-04-08,"2022","April",1476,7.99,766,803.328,2,233.4,6.14,47.6,15.69,1.4,175.68,144,354.534,43.857,15.72,0.202,0.0124,0.0124,0.0414,0.008,0.412,30.7,3.36,7.04,5.44,0.57,14.2,4.06,7.66,29,544,181,70.2,27.8
220520,"R-WH-S","AQ",2022-04-06,"1005",2022-04-08,"2022","April",1523,8.46,818,828.555,2,246.2,6.33,48.09,16.9,1.4,175.68,144,363.8905,45.4575,15.3,0.213,0.0049,0.0049,0.038,0.008,0.349,30.7,3.36,7.04,5.44,0.57,14.2,4.06,7.66,29,544,181,70.2,27.8
220521,"R-WH-B","AQ",2022-04-06,"1022",2022-04-08,"2022","April",1530,7.87,817,821.149,3.20987654320983,247.3,6.34,48.89,16.23,1.4,178.608,146.4,355.428,43.674,15.46,0.201,0.0076,0.0076,0.0248,0.008,0.385,30.7,3.36,7.04,5.44,0.57,14.2,4.06,7.66,29,544,181,70.2,27.8
220522,"S-BC-B","AQ",2022-04-07,"1325",2022-04-08,"2022","April",1356,8.28,687,729.4905,6.10526315789475,212.3,6.09,47.02,15.08,1.4,172.752,141.6,308.1395,39.003,16.91,0.349,0.0581,0.0581,0.0285,0.05,0.746,30.7,3.36,7.04,5.44,0.57,14.2,4.06,7.66,29,544,181,70.2,27.8
220523,"S-BR-S","AQ",2022-04-07,"1435",2022-04-08,"2022","April",1377,8.74,727,746.3305,6.31578947368421,224.1,6.28,41.95,15.62,19.2,136.64,128,324.2695,40.634,16.69,0.354,0.0324,0.0324,0.0305,0.008,0.638,30.7,3.36,7.04,5.44,0.57,26.88,4.06,7.66,29,544,181,70.2,27.8
220524,"S-MD-S","AQ",2022-04-07,"1400",2022-04-08,"2022","April",1378,8.75,695,748.5675,6.18556701030928,225.5,6.31,42.32,15.93,9.6,146.4,128,323.816,41.0355,16.87,0.347,0.0432,0.0432,0.0288,0.008,0.633,30.7,3.36,7.04,5.44,0.57,14.2,4.06,7.66,29,544,181,70.2,27.8
220525,"S-MD-B","AQ",2022-04-07,"1420",2022-04-08,"2022","April",1401,7.87,737,756.34,4.04255319148937,219,6.19,48.35,15.34,1.4,180.56,148,320.8425,40.7105,17.12,0.346,0.0275,0.0275,0.0408,0.008,0.546,30.7,3.36,7.04,5.44,0.57,14.2,4.06,7.66,29,544,181,70.2,27.8
230536,"A-BHC-S","AQ",2023-04-11,"1745",2023-04-13,"2023","April",1328,8.06,714,713.877,8.66666666666668,201.5,7.1,45.62,15.19,1.4,159.088,130.4,312,35.866,17.74,0.16,0.038,0.024,0.0144,0.567,0.558,30.7,3.36,7.04,5.44,1.42,14.2,4.06,7.66,29,544,181,8.57,27.8
230537,"A-BHC-B","AQ",2023-04-11,"1800",2023-04-13,"2023","April",1342,8.03,709,716.596,3.16326530612241,204.7,6.89,44.73,15.06,1.4,162.992,133.6,311.1,35.741,17.91,0.16,0.044,0.03,0.0131,0.251,0.573,30.7,3.36,7.04,5.44,0.94,14.2,4.06,7.66,29,544,181,8.04,27.8
230538,"A-D-S","AQ",2023-04-11,"1615",2023-04-13,"2023","April",1385,7.79,757,745.183,2,211.4,7.16,47.37,15.51,1.4,170.8,140,325.4,37.496,16.6,0.226,0.047,0.028,0.0354,0.193,0.532,30.7,3.36,7.04,5.44,1.43,14.2,4.06,7.66,29,544,181,6.51,27.8
230539,"A-D-B","AQ",2023-04-11,"1630",2023-04-13,"2023","April",1363,8,733,727.256,2,206.8,6.82,45.08,15.24,1.4,161.04,132,319.2,36.619,18.03,0.182,0.041,0.026,0.0112,0.213,0.578,30.7,3.36,7.04,5.44,1.25,14.2,4.06,7.66,29,544,181,5.86,27.8
230540,"A-M-S","AQ",2023-04-11,"1705",2023-04-13,"2023","April",1386,8.08,746,739.085,2,208.2,6.92,46.33,15.42,1.4,165.92,136,323.165,37.124,17.29,0.22,0.026,0.015,0.0249,2.982,0.475,30.7,3.36,7.04,5.44,1.07,14.2,4.06,7.66,29,544,181,5.77,27.8
230541,"A-M-B","AQ",2023-04-11,"1720",2023-04-13,"2023","April",1375,8.18,750,741.064,2,210.3,6.84,45.18,15.18,1.4,170.8,140,324.1,37.416,17.49,0.219,0.03,0.019,0.0223,0.504,0.496,30.7,3.36,7.04,5.44,0.86,14.2,4.06,7.66,29,544,181,3.37,27.8
230542,"A-TMI-S","AQ",2023-04-11,"1515",2023-04-13,"2023","April",1317,8.01,709,712.741,2,202.8,6.53,44.3,14.9,1.4,162.992,133.6,309.7,35.558,18.31,0.156,0.038,0.034,0.0416,0.429,0.583,30.7,3.36,7.04,5.44,1.1,14.2,4.06,7.66,29,544,181,5.11,27.8
230543,"B-BC-S","AQ",2023-04-10,"1325",2023-04-13,"2023","April",287,7.92,193,180.556,36.8,16.78,2.42,29.49,12.17,1.4,136.64,112,15.793,10.997,25.41,0.114,0.15,0.069,0.0401,0.242,0.643,30.7,3.36,7.04,5.44,3.6,14.2,4.06,7.66,29,544,181,76.92,27.8
230544,"B-BC-B","AQ",2023-04-10,"1345",2023-04-13,"2023","April",250,7.96,166,160.87,36.4285714285714,9.6,2.2,29.16,11.28,1.4,126.88,104,6.447,9.27,30.26,0.102,0.171,0.081,0.0659,0.199,0.687,30.7,3.36,7.04,5.44,2.63,14.2,4.06,7.66,29,544,398.9,246.6,27.8
230545,"B-D-S","AQ",2023-04-10,"1415",2023-04-13,"2023","April",221,7.83,162,154.111,30.6,9.5,2.42,26.23,10.09,1.4,112.24,92,7.939,6.726,35.81,NA,0.196,0.069,0.0485,0.142,0.703,30.7,3.36,7.04,5.44,3.38,14.2,4.06,7.66,29,544,271.8,179.1,27.8
230546,"B-D-B","AQ",2023-04-10,"1430",2023-04-13,"2023","April",165,7.81,147,124.85,76.0396039603961,4.45,2.52,22.18,7.44,1.4,92.72,76,2.518,3.727,36.24,NA,0.269,0.088,0.0717,0.121,0.707,30.7,3.36,7.04,5.44,3.03,14.2,4.06,7.66,29,544,208,135.9,27.8
230548,"B-M-S","AQ",2023-04-10,"1500",2023-04-13,"2023","April",219,7.88,167,147.521,36.1224489795918,8.14,2.14,25.38,9.91,1.4,115.168,94.4,6.133,7.077,31.92,0.098,0.189,0.072,0.0398,0.127,0.686,30.7,3.36,7.04,5.44,2.61,14.2,4.06,7.66,29,544,399.2,250.1,27.8
230549,"B-M-B","AQ",2023-04-10,"1515",2023-04-13,"2023","April",167,7.85,149,127.373,73.2,4.99,2.28,22.62,7.74,1.4,94.672,77.6,3.172,5.11,34.68,NA,0.269,0.092,0.0898,0.167,0.745,30.7,3.36,7.04,5.44,3.56,14.2,4.06,7.66,29,544,564.8,377.1,27.8
230550,"B-MBL-S","AQ",2023-04-10,"1535",2023-04-13,"2023","April",214,7.82,150,145.506,36.8,7.42,2.19,26.13,9.71,1.4,112.24,92,4.859,6.827,32.62,0.097,0.189,0.082,0.0532,0.496,0.706,30.7,3.36,7.04,5.44,3.24,14.2,4.06,7.66,29,544,181,93.86,27.8
230551,"C-BCF-S","AQ",2023-04-12,"1015",2023-04-13,"2023","April",1371,7.94,725,734.605,2.69999999999999,205.3,6.18,46.36,15.62,1.4,170.8,140,321.234,38.074,17.53,0.196,0.046,0.032,0.0365,0.253,0.633,30.7,3.36,7.04,5.44,2.14,14.2,4.06,7.66,29,544,181,5.37,27.8
230552,"C-BD-S","AQ",2023-04-12,"0935",2023-04-13,"2023","April",1361,8,719,733.389,2.22222222222227,208.9,6.44,46.06,15.47,1.4,161.04,132,321.82,36.93,17.81,0.188,0.04,0.027,0.0357,0.705,0.562,30.7,3.36,7.04,5.44,1.54,14.2,4.06,7.66,29,544,181,8.84,27.8
230553,"C-D-S","AQ",2023-04-12,"1100",2023-04-13,"2023","April",1389,8.13,727,747.058,2.60000000000002,210.3,6.58,47.56,15.49,1.4,170.8,140,328.047,37.686,17.17,0.212,0.044,0.009,0.0179,0.171,0.536,30.7,3.36,7.04,5.44,0.96,14.2,4.06,7.66,29,544,181,8.78,27.8
230554,"C-D-B","AQ",2023-04-12,"1111",2023-04-13,"2023","April",1383,7.96,743,743.149,2.72727272727272,207.4,6.34,46.55,15.6,1.4,170.8,140,327.55,37.481,17.86,0.206,0.054,0.033,0.0372,0.314,0.599,30.7,3.36,7.04,5.44,1.46,14.2,4.06,7.66,29,544,181,4.85,27.8
230555,"C-M-S","AQ",2023-04-12,"1140",2023-04-13,"2023","April",1386,7.98,740,745.366,2.20000000000005,208.5,6.55,46.58,15.89,1.4,168.848,138.4,326.8,37.417,17.3,0.212,0.039,0.014,0.0155,3.235,0.549,30.7,3.36,7.04,5.44,0.95,14.2,4.06,7.66,29,544,181,2.94,27.8
230556,"GR-D-S","AQ",2023-04-12,"1620",2023-04-13,"2023","April",1151,8.56,578,620.925,10.3225806451613,167.3,5.73,42.04,14.53,1.4,161.04,132,262,31.713,17.9,0.203,0.065,0.023,0.0438,0.458,0.532,30.7,3.36,7.04,5.44,1.39,16.5,4.06,7.66,29,544,181,22.04,27.8
230557,"R-CRS-S","AQ",2023-04-11,"1250",2023-04-13,"2023","April",903,8.58,490,492.324,2.95918367346936,125.5,4.33,38.59,11.89,1.4,151.28,124,194.577,25.148,17.78,0.15,0.033,0.006,0.0201,0.055,0.406,30.7,3.36,7.04,5.44,1.48,14.2,4.06,7.66,29,544,181,14.09,27.8
230558,"R-CRS-B","AQ",2023-04-11,"1305",2023-04-13,"2023","April",1323,7.89,608,711.299,2.95918367346936,200.2,6.31,44.88,14.92,1.4,161.04,132,311.374,35.514,17.76,0.156,0.04,0.024,0.0187,1.087,0.564,30.7,3.36,7.04,5.44,1.18,14.2,4.06,7.66,29,544,181,20.76,27.8
230559,"R-D-S","AQ",2023-04-11,"1210",2023-04-13,"2023","April",916,8.39,370,502.119,3.33333333333332,129.3,4.49,38.15,11.96,1.4,141.52,116,203.188,26.303,19.06,0.137,0.036,0.011,0.0244,0.014,0.406,30.7,3.36,7.04,5.44,1.67,14.2,4.06,7.66,29,544,181,45.06,27.8
230560,"R-D-B","AQ",2023-04-11,"1220",2023-04-13,"2023","April",1006,8.04,540,543.144,2.72727272727272,147.4,4.92,40.61,12.36,1.4,141.52,116,223.5,25.228,19.2,0.128,0.044,0.02,0.0208,0.272,0.486,30.7,3.36,7.04,5.44,1.09,14.2,4.06,7.66,29,544,181,32.49,27.8
230561,"R-M-S","AQ",2023-04-11,"1120",2023-04-13,"2023","April",845,8.29,398,459.759,3.23232323232328,117.7,4.03,36.01,11.05,1.4,131.76,108,182.7,22.667,19.88,0.113,0.047,0.016,0.0215,0.868,0.423,30.7,3.36,7.04,5.44,1.62,14.2,4.06,7.66,29,544,181,33.44,27.8
230562,"R-M-B","AQ",2023-04-11,"1140",2023-04-13,"2023","April",1292,7.89,682,692.29,2,193.1,5.95,42.74,14.59,1.4,161.04,132,305.432,31.914,18.82,0.139,0.042,0.028,0.0158,0.49,0.558,30.7,3.36,7.04,5.44,1.68,14.2,4.06,7.66,29,544,181,20.93,27.8
230563,"R-WH-S","AQ",2023-04-11,"1033",2023-04-13,"2023","April",631,8.05,336,352.553,6.66666666666669,83.5,3.12,31.12,9.31,1.4,119.072,97.6,124.19,18.343,24.06,NA,0.05,0.031,0.0948,0.296,0.241,30.7,3.36,7.04,5.44,2.02,14.2,4.06,7.66,29,544,181,89.39,27.8
230564,"R-WH-B","AQ",2023-04-11,"1055",2023-04-13,"2023","April",981,7.94,530,530.181,6.2886597938144,142.4,4.58,38.78,11.92,1.4,134.688,110.4,218.455,25.877,21.7,0.123,0.06,0.036,0.0224,0.175,0.494,30.7,3.36,7.04,5.44,1.6,14.2,4.06,7.66,29,544,181,59.15,27.8
230565,"S-BC-S","AQ",2023-04-12,"1405",2023-04-13,"2023","April",1385,7.96,751,749.449,2.24489795918366,208.5,6.46,47.97,15.84,1.4,170.8,140,334.48,34.673,17.33,0.194,0.045,0.025,0.0288,0.142,0.575,30.7,3.36,7.04,5.44,0.88,14.2,4.06,7.66,29,544,181,4.55,27.8
230566,"S-BR-S","AQ",2023-04-12,"1510",2023-04-13,"2023","April",1384,8.11,752,741.351,2.06185567010309,210.9,6.74,48.41,15.9,1.4,170.8,140,323.925,34.069,17.3,0.189,0.041,0.007,0.0158,0.053,0.552,30.7,3.36,7.04,5.44,0.62,14.2,4.06,7.66,29,544,181,5.37,27.8
230568,"S-MD-S","AQ",2023-04-12,"1440",2023-04-13,"2023","April",1385,8.1,747,735.334,2,207.4,6.35,46.3,15.4,1.4,172.752,141.6,323.339,33.729,17.79,0.192,0.045,0.005,0.0206,0.012,0.584,30.7,3.36,7.04,5.44,0.72,14.2,4.06,7.66,29,544,181,3.46,27.8
230569,"S-MD-B","AQ",2023-04-12,"1450",2023-04-13,"2023","April",1396,8.02,748,741.976,2,210.1,6.6,46.2,15.77,1.4,170.8,140,327.068,34.043,17.93,0.201,0.043,0.026,0.0369,0.211,0.558,30.7,3.36,7.04,5.44,0.64,14.2,4.06,7.66,29,544,181,4.67,27.8
210510,"A-BHC-S","JM",2021-04-21,"1530",2021-04-23,"2021","April",1452,8.66,772,775.557,6.98795180722891,228.8,6.789,47.73,16.12,9.6,162.992,141.6,334,41.8,15.01,0.291,0.0448,0.0271,0.0089,0.348,0.498,8.12,1.2,1.6,1.67,2.31,3.24,2.8,8.16,8,19.2,2.86,5.36,37.98
210511,"A-M-S","JM",2021-04-21,"1341",2021-04-23,"2021","April",1445,8.78,781,766.208,3.36842105263158,222.9,6.116,46.15,15.51,16.32,154.208,140,335,41.7,14.78,0.314,0.0344,0.0323,0.0129,0.052,0.475,8.12,1.2,1.6,1.67,2.39,19.17,2.8,8.16,8,57.85,2.86,11.03,37.55
210512,"A-TMI-S","JM",2021-04-21,"1230",2021-04-23,"2021","April",1421,8.61,755,758.285,3.03370786516854,219.4,5.807,46.47,14.64,12.48,163.968,144.8,328,41,15.6,0.32,0.0374,0.0368,0.0099,0.488,0.407,8.12,1.2,1.6,1.67,2.53,2.57,2.8,8.16,8,19.2,2.86,2.24,40.17
210513,"B-BC-S","JM",2021-04-20,"1300",2021-04-23,"2021","April",664,8.52,383,401.824,2.82608695652175,46.35,3.079,46.48,35.96,19.2,285.968,250.4,31.9,69.8,18,0.39,0.0453,0.0424,0.0195,0.015,0.261,10.08,1.2,1.6,1.67,2.98,2.57,2.8,8.16,8,29.25,2.86,3.31,50.13
210514,"B-BC-B","JM",2021-04-20,"1300",2021-04-23,"2021","April",629,8.1,364,364.895,13.8202247191011,39.11,2.811,40.85,34.12,1.4,297.68,244,25.4,58.2,18,0.34,0.0665,0.0552,0.0149,0.004,0.216,8.12,1.2,1.6,1.67,2.32,39.93,2.8,8.16,8,19.2,2.86,112.81,45.22
210515,"B-D-S","JM",2021-04-20,"1350",2021-04-23,"2021","April",602,8.53,343,354.189,2,42.34,2.81,34.75,34.5,1.92,279.136,230.4,24.9,59.5,17.1,0.31,0.0319,0.0359,0.007,0.049,0.237,8.12,1.2,1.6,1.67,3.05,2.57,2.8,8.16,8,48.59,2.86,7.03,52.04
210516,"B-D-B","JM",2021-04-20,"1345",2021-04-23,"2021","April",591,8.13,337,347.821,10.391061452514,37.13,2.736,44.37,31.92,1.4,281.088,230.4,22.9,54,16.2,0.28,0.0412,0.0376,0.0153,0.325,0.371,8.12,1.2,1.6,1.67,2.5,12.18,2.8,8.16,8,34.52,2.86,14.43,41.25
210517,"B-M-S","JM",2021-04-20,"1420",2021-04-23,"2021","April",612,8.51,334,359.964,2,40.87,2.748,40.3,34.7,15.36,271.328,235.2,24.6,58.5,17.1,0.29,0.0276,0.0343,0.0075,0.026,0.229,8.97,1.2,1.6,1.67,2.6,17.33,2.82,8.16,8,19.2,2.86,6.77,51.2
210518,"B-M-B","JM",2021-04-20,"1415",2021-04-23,"2021","April",610,8.1,342,360.312,6.88888888888889,39.7,2.745,46.99,32.7,1.4,290.848,238.4,23.3,55.2,16.6,0.29,0.0294,0.0326,0.0095,0.037,0.195,8.12,1.2,1.6,1.67,2.02,2.57,2.8,8.16,8,19.2,2.86,3.52,42.63
210519,"B-MBL-S","JM",2021-04-20,"1445",2021-04-23,"2021","April",602,8.53,313,358.03,2,40.67,2.685,39.92,34.16,2.88,281.088,232.8,24.8,59.2,16.9,0.29,0.025,0.0359,0.0084,0.015,0.201,8.12,1.2,1.6,1.67,2.61,3.86,2.8,8.16,8,19.2,2.86,4.78,60.9
210520,"C-BCF-S","JM",2021-04-22,"1135",2021-04-23,"2021","April",1469,8.53,772,781.107,3.09523809523811,229,6.038,44.7,15.6,8.64,163.968,141.6,343,42.8,14.98,0.25,0.0438,0.0141,0.0085,0.029,0.512,8.12,1.2,1.6,1.67,2.02,12.27,2.8,8.16,8,19.2,2.86,9.82,29.66
210521,"C-BD-S","JM",2021-04-22,"1110",2021-04-23,"2021","April",1473,8.23,690,775.432,5.68181818181818,228.1,6.375,45,15.6,1.4,173.728,142.4,338,41.7,15.1,0.25,0.0516,0.0504,0.0093,0.117,0.516,8.12,1.2,1.6,1.67,2.28,2.57,2.8,8.16,8,19.2,2.86,2.91,29.13
210522,"C-D-S","JM",2021-04-22,"1200",2021-04-23,"2021","April",1339,8.55,754,789.571,3.84180790960451,229.3,6.119,45.23,15.68,1.4,175.68,144,348,42.7,15.3,0.15,0.038,0.0367,0.0104,0.842,0.457,8.12,1.2,1.6,1.67,2.46,2.57,2.8,8.16,8,52.7,2.86,2.22,24.52
210523,"C-D-B","JM",2021-04-22,"1200",2021-04-23,"2021","April",1466,8.01,763,783.406,5.16129032258064,231.1,5.961,46.5,15.4,1.4,172.752,141.6,342,41.9,15.4,0.25,0.0683,0.0643,0.0886,0.185,0.557,8.12,1.2,1.6,1.67,2.29,15.58,2.8,8.16,8,25.3,2.86,2.22,28.58
210524,"C-M-S","JM",2021-04-22,"1230",2021-04-23,"2021","April",1477,8.48,770,782.911,2.29885057471264,229,6.04,45.7,15.9,1.4,172.752,141.6,345,41.2,15.1,0.25,0.0466,0.0322,0.0098,0.011,0.506,8.12,1.2,1.6,1.67,2.1,2.57,2.8,8.16,8,19.2,2.86,2.37,27.63
210525,"GR-D-S","JM",2021-04-22,"915",2021-04-23,"2021","April",1435,8,743,765.943,2.08791208791209,220.4,5.97,48.8,17.6,1.4,193.248,158.4,321,43.7,13.4,0.29,0.0499,0.0532,0.0154,0.033,0.419,8.12,1.2,1.6,1.67,2.17,19.87,2.8,8.16,8,28.83,2.86,10.5,27.2
210526,"R-CRS-S","JM",2021-04-21,"1105",2021-04-23,"2021","April",1336,8.4,651,712.213,5,202.3,5.34,48.6,14.5,1.4,173.728,142.4,304,38.3,13.7,0.16,0.0234,0.0293,0.015,0.033,0.269,8.12,1.2,1.6,1.67,2.02,2.57,2.8,8.16,8,19.2,2.86,2.22,31.98
210527,"R-D-S","JM",2021-04-21,"1030",2021-04-23,"2021","April",1352,8.46,688,727.609,2,207.5,5.359,49.76,14.5,1.4,181.536,148.8,308,39.6,13.6,0.16,0.0386,0.0287,0.0062,0.01,0.244,8.12,1.2,1.6,1.67,2.02,2.57,2.8,8.16,8,19.2,2.86,2.22,30.58
210528,"R-D-B","JM",2021-04-21,"1030",2021-04-23,"2021","April",1354,7.8,646,731.478,2,213.4,5.361,48.96,14.7,1.4,173.728,142.4,309,39.2,15.2,0.15,0.0459,0.0482,0.015,0.217,0.428,8.12,1.2,1.6,1.67,2.02,2.57,2.8,8.16,8,19.2,2.86,2.22,34.34
210529,"R-M-S","JM",2021-04-21,"955",2021-04-23,"2021","April",1361,8.4,686,715.392,2,205.4,5.301,48.88,14.6,1.4,175.68,144,303,38.3,13.5,0.16,0.0312,0.0272,0.0075,0.011,0.236,8.12,1.2,1.6,1.67,2.02,2.57,2.8,8.16,8,19.2,2.86,2.22,32.27
210530,"R-M-B","JM",2021-04-21,"955",2021-04-23,"2021","April",1432,7.67,689,773.178,2.66666666666666,226,5.77,49.8,14.8,1.4,183.488,150.4,330,40.9,15.4,0.16,0.0923,0.0382,0.0096,0.268,0.477,8.12,1.2,1.6,1.67,2.02,2.57,2.8,8.16,8,19.2,2.86,2.22,31.4
210531,"R-WH-S","JM",2021-04-21,"915",2021-04-23,"2021","April",1389,8.34,653,730.39,2.95454545454546,210,5.37,48.5,15.9,1.4,178.608,146.4,308,41.2,13.5,0.13,0.0876,0.0145,0.0091,0.08,0.437,8.12,1.2,1.6,1.67,2.02,2.57,2.8,8.16,8,19.2,2.86,2.22,30.8
210532,"R-WH-B","JM",2021-04-21,"915",2021-04-23,"2021","April",1432,7.77,612,762.38,24.8863636363636,221,5.58,48.6,15,1.4,178.608,146.4,329,40.6,14.5,0.16,0.0715,0.0258,0.0325,0.26,0.603,8.12,1.2,1.6,1.67,2.02,19.32,2.8,8.16,8,21.84,2.86,4.59,29.02
210533,"S-BC-B","JM",2021-04-22,"715",2021-04-23,"2021","April",1497,8.47,792,795.987,6.15384615384615,238,6.47,47.3,16.1,11.52,163.968,144,344,42.5,15.2,0.29,0.0504,0.0124,0.0093,0.017,0.581,8.12,1.2,1.6,1.67,2.02,2.57,2.8,8.16,8,19.2,2.86,6.5,26.46
210534,"S-BR-S","JM",2021-04-22,"815",2021-04-23,"2021","April",1504,8.6,802,800.912,4.41860465116279,238,6.46,44.8,16.2,9.6,159.088,138.4,353,44,15.4,0.28,0.0855,0.0052,0.0163,0.012,0.646,8.12,1.2,1.6,1.67,2.89,2.57,2.8,8.16,8,29.04,2.86,3.72,34.6
210535,"S-MD-S","JM",2021-04-22,"745",2021-04-23,"2021","April",1502,8.62,797,800.543,4.44444444444444,240,9.19,44.9,16.1,19.2,149.328,138.4,349,43.07,15.2,0.3,0.0406,0.0191,0.0104,0.043,0.555,8.12,1.2,1.6,1.67,2.87,2.57,2.8,8.16,8,21.7,2.86,4.27,40.04
210536,"S-MD-B","JM",2021-04-22,"745",2021-04-23,"2021","April",1498,7.89,796,790.804,2,231,6.03,47.4,15.6,1.4,183.488,150.4,343,41.9,15.6,0.3,0.0558,0.0413,0.0643,0.034,0.431,8.12,1.2,1.6,1.67,2.02,2.57,2.8,8.16,8,19.2,2.86,2.22,27.3
220685,"B-BC-S","AQ",2022-05-16,"1335",2022-05-17,"2022","April",640,8.47,363,389.672,9.68421052631578,44.39,3.77,42.88,34.68,1.4,299.632,245.6,32.1,62.2,22.29,0.299,0.066,0.0154,0.00705,0.008,0.419,30.7,3.36,7.04,5.44,1.07,14.2,4.06,7.66,29,544,181,1.85,27.8
220686,"B-BC-B","AQ",2022-05-16,"1351",2022-05-17,"2022","April",630,7.99,379,388.721,15.8,37.4,10.59,48.07,32.74,1.4,309.392,253.6,30.977,54.6,22.18,0.284,0.1174,0.0739,0.0098,0.008,0.2475,30.7,3.36,7.04,5.44,0.76,194,4.06,7.66,29,544,181,1.63,27.8
220687,"B-D-S","AQ",2022-05-16,"1420",2022-05-17,"2022","April",561,8.57,252,331.479,4.04040404040404,36.24,2.84,37.06,31.09,14.4,251.808,218.4,24.467,48.9,19.84,0.273,0.0298,0.0152,0.0065,0.008,0.2705,30.7,3.36,7.04,5.44,1.34,14.2,4.06,7.66,29,544,181,10.72,27.8
220688,"B-D-B","AQ",2022-05-16,"1441",2022-05-17,"2022","April",575,8.04,331,339.013,9.375,33.17,3.1,44.78,30.07,1.4,288.896,236.8,21.064,46.5,18.06,0.273,0.0569,0.0398,0.0062,0.189,0.3825,30.7,3.36,7.04,5.44,0.8,14.2,4.06,7.66,29,544,181,2.51,27.8
220689,"B-M-S","AQ",2022-05-16,"1510",2022-05-17,"2022","April",555,8.57,330,330.732,3.94736842105263,35.1,2.74,36.78,31.08,19.2,250.832,221.6,22.98,49.4,19.69,0.274,0.0281,0.0268,0.0036,0.008,0.2635,30.7,3.36,7.04,5.44,0.86,14.2,4.06,7.66,29,544,181,1.63,27.8
220690,"B-M-B","AQ",2022-05-16,"1518",2022-05-17,"2022","April",579,8.13,335,334.296,6.14457831325301,32.81,2.96,44.48,29.88,1.4,280.112,229.6,21.2,46.7,18.46,0.276,0.0417,0.0348,0.0121,0.046,0.28,30.7,3.36,7.04,5.44,0.78,14.2,4.06,7.66,29,544,181,4.44,27.8
220691,"B-MBL-S","AQ",2022-05-16,"1535",2022-05-17,"2022","April",553,8.58,315,335.142,4.6987951807229,35.15,2.72,37.48,31.95,16.32,260.592,227.2,22.3,49.7,19.52,0.271,0.0304,0.0215,0.0102,0.008,0.2855,30.7,3.36,7.04,5.44,1.02,14.2,4.06,7.66,29,544,181,1.63,27.8
230962,"A-BHC-S","AQ",2023-07-12,"1405",2023-07-13,"2023","July",1360,8.88,741,715.053,4.66666666666672,210.7,6.77,32.03,15.34,19.2,114.192,109.6,327.201,40.632,16.6,0.3,0.04,0.005,0.002,0.02,0.633,30.7,3.36,7.04,5.44,0.98,14.2,4.06,7.66,29,544,181,9.03,27.8
230963,"A-BHC-B","AQ",2023-07-12,"1415",2023-07-13,"2023","July",1293,7.83,708,674.128,3.69565217391302,188.1,6.39,39.51,13.45,1.4,155.184,127.2,296.669,36.075,17.53,0.258,0.027,0.008,0.002,0.084,0.461,30.7,3.36,7.04,5.44,0.57,14.2,4.06,7.66,29,544,181,4.83,27.8
230964,"A-D-S","AQ",2023-07-12,"1240",2023-07-13,"2023","July",1363,8.6,733,711.791,5.65217391304347,202.6,6.65,37.78,14.88,9.6,143.472,125.6,319.824,37.963,16.74,0.268,0.034,0.005,0.002,0.008,0.55,30.7,3.36,7.04,5.44,0.85,14.2,4.06,7.66,29,544,181,3.33,27.8
230965,"A-D-B","AQ",2023-07-12,"1255",2023-07-13,"2023","July",1365,8.75,727,715.596,7.65957446808509,206,6.61,37.06,15.03,9.6,143.472,125.6,320.654,37.967,16.91,0.279,0.037,0.005,0.002,0.008,0.58,30.7,3.36,7.04,5.44,1.13,14.2,4.06,7.66,29,544,181,7.14,27.8
230966,"A-M-S","AQ",2023-07-12,"1330",2023-07-13,"2023","July",1374,8.72,757,716.801,5.89473684210529,203.8,6.8,37.1,15.21,6.72,143.472,123.2,324.532,38.358,17.07,0.286,0.029,0.005,0.002,0.011,0.677,30.7,3.36,7.04,5.44,0.64,14.2,4.06,7.66,29,544,181,4.31,27.8
230967,"A-M-B","AQ",2023-07-12,"1340",2023-07-13,"2023","July",1370,8.48,749,715.419,4.58333333333337,205,6.12,38.29,15.29,1.4,153.232,125.6,320.388,37.79,17.2,0.274,0.023,0.005,0.002,0.008,0.462,30.7,3.36,7.04,5.44,1.31,14.2,4.06,7.66,29,544,181,10.76,27.8
230968,"A-TMI-S","AQ",2023-07-12,"1150",2023-07-13,"2023","July",1338,8.94,731,692.574,4.78260869565215,203.7,6.47,28.01,14.99,10.56,112.24,100.8,324.121,38.294,16.5,0.282,0.055,0.007,0.002,0.009,0.731,30.7,3.36,7.04,5.44,3.31,14.2,4.06,7.66,29,544,181,30.53,27.8
230969,"B-BC-S","AQ",2023-07-11,"1325",2023-07-12,"2023","July",333,8.88,205,204.886,4.44444444444444,20.52,2.44,29.78,14.38,15.36,164.944,148,18.179,15.408,15.39,0.191,0.033,0.012,0.0469,0.008,0.442,30.7,3.36,7.04,5.44,0.74,57.09,4.06,7.66,29,544,181,17.6,27.8
230970,"B-BC-B","AQ",2023-07-11,"1325",2023-07-12,"2023","July",321,8.04,197,186.005,6.30434782608697,14.03,1.81,31.19,14.37,1.4,170.8,140,9.442,15.568,15.58,0.193,0.04,0.015,0.0071,0.015,0.343,30.7,3.36,7.04,5.44,1.49,14.2,4.06,7.66,29,544,181,6.75,27.8
230971,"B-D-S","AQ",2023-07-11,"1414",2023-07-12,"2023","July",274,9.17,176,180.897,1.53846153846158,12.86,1.76,27.62,12.29,36.48,143.472,148,10.729,11.511,15.29,0.17,0.033,0.008,0.0194,0.037,0.557,30.7,3.36,7.04,5.44,2.05,14.2,4.06,7.66,29,544,181,43.71,27.8
230972,"B-D-B","AQ",2023-07-11,"1435",2023-07-12,"2023","July",218,7.88,157,138.382,17.3626373626373,6.98,1.85,24.87,9.06,1.4,123.952,101.6,4.78,7.285,22.47,0.127,0.155,0.09,0.0095,0.127,0.6,30.7,3.36,7.04,5.44,0.57,14.2,4.06,7.66,29,544,181,41.44,27.8
230974,"B-M-S","AQ",2023-07-11,"1450",2023-07-12,"2023","July",272,9.02,171,168.77,3.11111111111112,11.76,1.59,27.27,12.31,19.2,144.448,134.4,9.083,11.212,14.9,0.172,0.016,0.005,0.0066,0.008,0.293,30.7,3.36,7.04,5.44,2.54,14.2,4.06,7.66,29,544,181,46.52,27.8
230975,"B-M-B","AQ",2023-07-11,"1505",2023-07-12,"2023","July",228,7.76,191,137.84,23.2323232323232,7.15,1.79,25.93,9.57,1.4,119.072,97.6,5.016,7.535,22.21,0.127,0.167,0.084,0.0105,0.079,0.651,30.7,3.36,7.04,5.44,1.55,14.2,4.06,7.66,29,544,201,102.7,27.8
230976,"B-MBL-S","AQ",2023-07-11,"1530",2023-07-12,"2023","July",271,9,154,176.931,2.60869565217395,11.17,1.55,27.91,12.24,28.8,153.232,149.6,7.935,11.211,15.15,0.163,0.027,0.009,0.002,0.008,0.492,30.7,3.36,7.04,5.44,0.76,14.2,4.06,7.66,29,544,181,4.92,27.8
230977,"C-BCF-S","AQ",2023-07-13,"1110",2023-07-14,"2023","July",1362,7.9,738,705.158,2.42424242424246,200.5,5.69,40.32,14.57,1.4,155.184,127.2,314.124,36.698,16.91,0.251,0.037,0.005,0.002,0.026,0.568,30.7,3.36,7.04,5.44,0.6,14.2,4.06,7.66,29,544,181,9.07,27.8
230978,"C-BD-S","AQ",2023-07-13,"1025",2023-07-14,"2023","July",1359,7.88,726,694.607,2.5742574257426,191.2,5.76,39.72,14.41,1.4,162.992,133.6,309.815,36.365,17.12,0.249,0.02,0.005,0.002,0.057,0.375,30.7,3.36,7.04,5.44,0.99,14.2,4.06,7.66,29,544,181,4.48,27.8
230979,"C-D-S","AQ",2023-07-13,"1140",2023-07-14,"2023","July",1357,8.02,702,700.608,2.44897959183671,196.2,5.95,40.56,14.56,1.4,153.232,125.6,314.545,36.659,16.74,0.253,0.032,0.005,0.0042,0.034,0.514,30.7,3.36,7.04,5.44,1,14.2,4.06,7.66,29,544,181,9.66,27.8
230980,"C-D-B","AQ",2023-07-13,"1155",2023-07-14,"2023","July",1348,7.74,707,704.483,2.65306122448982,195.7,5.94,42.2,14.47,1.4,167.872,137.6,309.981,36.257,17.34,0.234,0.034,0.012,0.04,0.035,0.474,30.7,3.36,7.04,5.44,0.66,14.2,4.06,7.66,29,544,181,6.85,27.8
230981,"C-M-S","AQ",2023-07-13,"1215",2023-07-14,"2023","July",1362,7.98,728,708.685,2,199,6.23,39.97,14.64,1.4,160.064,131.2,316.938,36.77,16.38,0.251,0.032,0.008,0.002,0.037,0.545,30.7,3.36,7.04,5.44,1.99,27,4.06,7.66,29,544,181,15.6,27.8
230982,"GR-D-S","AQ",2023-07-13,"835",2023-07-14,"2023","July",930,7.95,516,490.17,9.55555555555552,126.6,4.54,36.27,13.23,1.4,151.28,124,192.045,25.431,17.61,0.224,0.079,0.039,0.0199,0.044,0.526,30.7,3.36,7.04,5.44,1.03,14.2,4.06,7.66,29,544,181,19.92,27.8
230983,"R-CRS-S","AQ",2023-07-12,"950",2023-07-13,"2023","July",744,8.86,403,399.146,4.3956043956044,97.35,3.46,32.96,9.89,19.2,123.952,117.6,146.089,23.228,15.6,0.159,0.013,0.005,0.002,0.009,0.358,30.7,3.36,7.04,5.44,0.84,14.2,4.06,7.66,29,544,181,17.79,27.8
230984,"R-CRS-B","AQ",2023-07-12,"1005",2023-07-14,"2023","July",840,7.86,455,440.786,2,109.2,3.58,35.7,10.23,1.4,141.52,116,170.918,24.471,17.08,0.175,0.024,0.007,0.002,0.008,0.27,30.7,3.36,7.04,5.44,0.91,14.2,4.06,7.66,29,544,181,7.64,27.8
230985,"R-D-S","AQ",2023-07-12,"910",2023-07-14,"2023","July",742,8.52,447,387.968,3.19999999999999,96.4,3.23,31.9,9.61,7.68,116.144,101.6,146.871,23.14,15.85,0.156,0.02,0.005,0.002,0.008,0.406,30.7,3.36,7.04,5.44,0.97,14.2,4.06,7.66,29,544,181,18.07,27.8
230986,"R-D-B","AQ",2023-07-12,"925",2023-07-13,"2023","July",1066,7.84,598,549.145,2.81249999999999,144.9,4.55,37.57,12.08,1.4,143.472,117.6,232.66,29.306,17.47,0.197,0.045,0.027,0.002,0.049,0.464,30.7,3.36,7.04,5.44,1.58,14.2,4.06,7.66,29,544,181,11.82,27.8
230987,"R-M-S","AQ",2023-07-12,"840",2023-07-14,"2023","July",740,8.74,404,388.109,2.94736842105264,94.95,3.24,32.32,9.71,1.4,123.952,101.6,147.755,23.166,16,0.151,0.018,0.005,0.0259,0.008,0.398,30.7,3.36,7.04,5.44,0.94,14.2,4.06,7.66,29,544,181,24.43,27.8
230988,"R-M-B","AQ",2023-07-12,"850",2023-07-14,"2023","July",1139,7.78,643,589.131,3.33333333333338,160.3,4.76,38.82,12.96,1.4,143.472,117.6,252.274,31.253,18.13,0.195,0.049,0.035,0.003,0.074,0.538,30.7,3.36,7.04,5.44,1.73,14.2,4.06,7.66,29,544,181,14.57,27.8
230989,"R-WH-S","AQ",2023-07-12,"800",2023-07-14,"2023","July",738,8.79,417,391.067,2,94.59,3.14,32.54,9.53,17.28,114.192,108,147.438,22.429,16.59,0.153,0.017,0.005,0.002,0.01,0.391,30.7,3.36,7.04,5.44,0.8,14.2,4.06,7.66,29,544,181,23.95,27.8
230990,"R-WH-B","AQ",2023-07-12,"815",2023-07-14,"2023","July",806,8.16,465,423.316,2.10526315789474,105.4,3.41,34.15,9.93,1.4,133.712,109.6,163.842,23.71,17.08,0.151,0.025,0.009,0.002,0.034,0.231,30.7,3.36,7.04,5.44,1.11,14.2,4.06,7.66,29,544,181,6.41,27.8
230991,"S-BC-S","AQ",2023-07-13,"640",2023-07-14,"2023","July",1396,8.15,773,716.71,2.82828282828284,204.9,6.03,39.2,14.76,1.4,153.232,125.6,322.726,37.363,16.25,0.273,0.042,0.005,0.0067,0.121,0.704,30.7,3.36,7.04,5.44,0.81,14.2,4.06,7.66,29,544,181,6.39,27.8
230992,"S-BR-S","AQ",2023-07-13,"745",2023-07-14,"2023","July",1390,8.17,791,719.037,4.64646464646467,204.6,6.25,38.13,15.08,1.4,153.232,125.6,326.259,37.733,15.59,0.26,0.038,0.03,0.002,0.035,0.789,30.7,3.36,7.04,5.44,1.02,14.2,4.06,7.66,29,544,181,4.2,27.8
230994,"S-MD-S","AQ",2023-07-13,"710",2023-07-14,"2023","July",1394,8.01,777,716.93,3.83838383838379,203.2,6.14,37.78,15.08,1.4,151.28,124,326.833,37.744,15.73,0.273,0.026,0.005,0.004,0.023,0.818,30.7,3.36,7.04,5.44,0.7,14.2,4.06,7.66,29,544,181,3.94,27.8
230995,"S-MD-B","AQ",2023-07-13,"730",2023-07-14,"2023","July",1367,7.68,753,703.246,2,193,5.95,41.38,14.88,1.4,162.992,133.6,314.64,36.024,17.12,0.257,0.038,0.031,0.0612,0.092,0.467,30.7,3.36,7.04,5.44,0.57,14.2,4.06,7.66,29,544,181,2,27.8
220974,"A-BHC-S","AQ",2022-07-12,"1625",2022-07-14,"2022","July",1427,8.83,880,865.381,3.63636363636362,228.6,54.22,37.67,15.8,7.68,142.496,123.2,396.4,41.738,16.98,0.292,0.017,0.005,0.0204,0.053,0.561,30.7,3.36,7.04,5.44,0.57,14.2,4.06,7.66,29,544,181,1.63,27.8
220975,"A-BHC-B","AQ",2022-07-12,"1638",2022-07-14,"2022","July",1455,7.77,795,791.104,3.50515463917529,224.6,7.11,48.33,15.58,1.4,183.488,150.4,347.5,40.839,16.37,0.251,0.0248,0.005,0.1073,0.535,0.446,30.7,3.36,7.04,5.44,0.6,14.2,4.06,7.66,29,544,181,3.45,27.8
220976,"A-D-S","AQ",2022-07-12,"1440",2022-07-14,"2022","July",1425,8.87,776,768.409,3.26086956521739,227.2,6.93,37.32,15.89,1.4,144.448,118.4,351.3,41.4,17.28,0.296,0.0051,0.005,0.0237,0.049,0.353,30.7,3.36,7.04,5.44,0.77,14.2,4.06,7.66,29,544,181,1.63,27.8
220977,"A-D-B","AQ",2022-07-12,"1503",2022-07-14,"2022","July",1446,7.71,808,796.368,2,221.6,16.64,46.89,15.5,1.4,173.728,142.4,353,40.4,16.78,0.255,0.0264,0.0228,0.0815,0.118,0.43,30.7,3.36,7.04,5.44,0.57,14.2,4.06,7.66,29,544,181,1.63,27.8
220978,"A-M-S","AQ",2022-07-12,"1535",2022-07-14,"2022","July",1427,8.76,786,770.942,2.88659793814428,224.8,7.13,38.02,15.53,1.4,154.208,126.4,351,41.4,17.2,0.293,0.006,0.005,0.0226,0.022,0.356,30.7,3.36,7.04,5.44,0.58,14.2,4.06,7.66,29,544,181,1.63,27.8
220979,"A-M-B","AQ",2022-07-12,"1550",2022-07-14,"2022","July",1429,8.74,779,766.341,2,215.6,6.52,46.44,15.24,1.4,173.728,142.4,340,40.1,16.89,0.274,0.0106,0.005,0.052,0.111,0.327,30.7,3.36,7.04,5.44,0.57,14.2,4.06,7.66,29,544,181,5.27,27.8
220980,"A-TMI-S","AQ",2022-07-12,"1345",2022-07-14,"2022","July",1437,8.74,788,777.838,3.82978723404258,227.6,6.99,36.64,15.78,1.4,154.208,126.4,356,41.957,16.95,0.291,0.0222,0.005,0.0345,0.081,0.61,30.7,3.36,7.04,5.44,1.62,14.2,4.06,7.66,29,544,181,1.63,27.8
220981,"B-BC-S","AQ",2022-07-11,"1355",2022-07-12,"2022","July",631,8.6,382,382.362,8.00000000000011,47.92,4.8,32.55,39.52,27.84,242.048,221.6,33.172,72,19.4,0.4,0.0507,0.0124,0.0578,0.04,0.525,30.7,3.36,7.04,5.44,1.47,14.2,4.06,7.66,29,544,181,5.5,27.8
220982,"B-BC-B","AQ",2022-07-11,"1420",2022-07-12,"2022","July",638,7.79,279,383.353,5.99999999999966,43.77,3.51,41.08,37.4,1.4,300.608,246.4,28.873,59,21.6,0.369,0.0836,0.045,0.1855,0.28,0.503,30.7,3.36,7.04,5.44,0.57,14.2,4.06,7.66,29,544,181,102.9,27.8
220983,"B-D-S","AQ",2022-07-11,"1445",2022-07-12,"2022","July",549,8.8,314,330.996,8.00000000000011,39.41,3.17,28.2,35.22,32.64,215.696,204,25.887,57.249,19.3,0.347,0.0178,0.0068,0.0543,0.16,0.368,30.7,3.36,7.04,5.44,2.58,14.2,4.06,7.66,29,544,181,6.44,27.8
220984,"B-D-B","AQ",2022-07-11,"1502",2022-07-12,"2022","July",579,7.89,338,346.649,2,32.48,3.09,47.56,31.26,1.4,287.92,236,21.843,49.193,19.6,0.313,0.0688,0.0587,0.1691,0.023,0.327,30.7,3.36,7.04,5.44,0.57,14.2,4.06,7.66,29,544,181,41.73,27.8
220986,"B-M-S","AQ",2022-07-11,"1520",2022-07-12,"2022","July",552,8.83,329,330.083,2,39.29,3.05,28.63,35.53,35.52,209.84,201.6,25.627,57.557,19.4,0.348,0.018,0.005,0.0455,0.039,0.349,30.7,3.36,7.04,5.44,1.11,14.2,4.06,7.66,29,544,181,3.94,27.8
220987,"B-M-B","AQ",2022-07-11,"1538",2022-07-12,"2022","July",588,7.86,337,347.727,2,32.77,3.04,47.39,31.8,1.4,298.656,244.8,21.53,44.176,20.03,0.319,0.0953,0.0964,0.2628,0.111,0.454,30.7,3.36,7.04,5.44,0.57,14.2,4.06,7.66,29,544,181,61.92,27.8
220988,"B-MBL-S","AQ",2022-07-11,"1602",2022-07-12,"2022","July",552,8.82,338,335.171,2,39.88,3.07,29.5,35.9,28.8,222.528,206.4,25.809,57.533,19.6,0.343,0.0184,0.005,0.0486,0.039,0.332,30.7,3.36,7.04,5.44,0.85,14.2,4.06,7.66,29,544,181,2.97,27.8
220989,"C-BCF-S","AQ",2022-07-13,"845",2022-07-14,"2022","July",1415,8.38,765,761.918,2,221.4,6.23,43.21,15.8,1.4,161.04,132,339.2,39.869,16.8,0.273,0.0591,0.005,0.0217,0.209,0.666,30.7,3.36,7.04,5.44,0.77,14.2,4.06,7.66,29,544,181,3.82,27.8
220990,"C-BD-S","AQ",2022-07-13,"815",2022-07-14,"2022","July",1448,7.99,788,779.129,2,224.1,6.37,45.44,15.8,1.4,168.848,138.4,347,40.239,17.1,0.266,0.0368,0.005,0.0445,0.04,0.534,30.7,3.36,7.04,5.44,0.6,14.2,4.06,7.66,29,544,181,1.63,27.8
220991,"C-D-S","AQ",2022-07-13,"922",2022-07-14,"2022","July",1407,8.51,790,758.713,2,218.9,6.35,42.29,15.52,1.4,163.968,134.4,339,39.246,16.7,0.281,0.0327,0.005,0.0246,0.067,0.611,30.7,3.36,7.04,5.44,0.57,14.2,4.06,7.66,29,544,181,1.63,27.8
220992,"C-D-B","AQ",2022-07-13,"940",2022-07-14,"2022","July",1424,7.72,795,764.269,2,216.8,6.23,45.9,15.49,1.4,173.728,142.4,338,39.212,17,0.277,0.0311,0.019,0.0869,0.197,0.433,30.7,3.36,7.04,5.44,0.57,14.2,4.06,7.66,29,544,181,1.63,27.8
220993,"C-M-S","AQ",2022-07-13,"1010",2022-07-14,"2022","July",1412,8.18,781,754.114,2,216,6.32,43.16,15.63,1.4,159.088,130.4,339,39.11,16.6,0.279,0.0453,0.005,0.0197,0.054,0.718,30.7,3.36,7.04,5.44,0.57,14.2,4.06,7.66,29,544,181,1.63,27.8
220994,"GR-D-S","AQ",2022-07-13,"1505",2022-07-14,"2022","July",1362,8.54,750,731.138,6.36363636363633,204.2,6.09,45.6,16.7,1.4,183.488,150.4,313,38.369,16.8,0.298,0.0548,0.0347,0.0469,0.139,0.399,30.7,3.36,7.04,5.44,0.57,14.2,4.06,7.66,29,544,181,8.07,27.8
220995,"R-CRS-S","AQ",2022-07-12,"1107",2022-07-14,"2022","July",1522,8.55,840,818.82,2.55102040816327,243.6,6.75,41.92,16.7,1.4,154.208,126.4,375,43.382,15.6,0.221,0.0097,0.005,0.019,0.028,0.368,30.7,3.36,7.04,5.44,0.91,14.2,4.06,7.66,29,544,181,1.63,27.8
220996,"R-CRS-B","AQ",2022-07-12,"1128",2022-07-14,"2022","July",1464,7.66,807,789.299,2.04081632653061,220.8,10.08,50.33,15.6,1.4,183.488,150.4,345.7,39.798,16.2,0.213,0.0225,0.012,0.0236,0.551,0.464,30.7,3.36,7.04,5.44,0.57,14.2,4.06,7.66,29,544,181,2.64,27.8
220997,"R-D-S","AQ",2022-07-12,"1015",2022-07-14,"2022","July",1539,8.59,828,841.537,2,243.1,14.55,41.46,16.6,1.4,163.968,134.4,386,43.537,15.6,0.218,0.0084,0.005,0.0331,0.05,0.356,30.7,3.36,7.04,5.44,0.76,14.2,4.06,7.66,29,544,181,1.63,27.8
220998,"R-D-B","AQ",2022-07-12,"1045",2022-07-14,"2022","July",1465,7.56,793,788.728,2,222.8,7.29,49.81,15.7,1.4,181.536,148.8,347.5,40.122,16.2,0.214,0.025,0.005,0.0258,0.026,1.036,30.7,3.36,7.04,5.44,1.68,14.2,4.06,7.66,29,544,181,1.97,27.8
220999,"R-M-S","AQ",2022-07-12,"925",2022-07-14,"2022","July",1547,8.57,846,829.078,2,243.6,7.03,41.17,16.8,1.4,156.16,128,383.872,43.843,15.9,0.217,0.0066,0.005,0.0402,0.063,0.354,30.7,3.36,7.04,5.44,0.96,14.2,4.06,7.66,29,544,181,1.63,27.8
221000,"R-M-B","AQ",2022-07-12,"948",2022-07-14,"2022","July",1563,8.56,852.475247524752,842.199,2,247.8,6.66,41.24,16.7,1.4,163.968,134.4,389.5,43.835,15.8,0.211,0.017,0.005,0.0232,0.024,1.29,30.7,3.36,7.04,5.44,0.57,14.2,4.06,7.66,29,544,181,1.63,27.8
221001,"R-WH-S","AQ",2022-07-12,"845",2022-07-14,"2022","July",1595,8.61,850,855.087,3.01075268817205,255.6,6.9,41.41,17.4,1.4,154.208,126.4,396.875,45.128,15.9,0.216,0.0094,0.005,0.0523,0.034,0.368,30.7,3.36,7.04,5.44,0.9,14.2,4.06,7.66,29,544,181,1.63,27.8
221002,"R-WH-B","AQ",2022-07-12,"900",2022-07-14,"2022","July",1482,7.6,794.174757281553,799.638,5.85858585858587,226.2,6.3,50.33,15.9,1.4,185.44,152,353.6,39.46,16.6,0.212,0.0423,0.025,0.0916,0.048,0.362,30.7,3.36,7.04,5.44,0.79,14.2,4.06,7.66,29,544,181,127.9,27.8
221003,"S-BC-S","AQ",2022-07-13,"1235",2022-07-14,"2022","July",1420,8.46,750.961538461538,767.616,2,219.2,6.44,43.58,16.7,1.4,171.776,140.8,341.566,39.162,16.4,0.303,0.0548,0.005,0.0308,0.088,0.722,30.7,3.36,7.04,5.44,0.63,14.2,4.06,7.66,29,544,181,2.41,27.8
221004,"S-BR-S","AQ",2022-07-13,"1350",2022-07-14,"2022","July",1416,8.54,740.952380952381,759.927,2.55813953488371,218.1,6.46,43.42,15.9,1.4,163.968,134.4,340,39.191,16.1,0.302,0.0264,0.005,0.0336,0.116,0.643,30.7,3.36,7.04,5.44,0.82,14.2,4.06,7.66,29,544,181,2.19,27.8
221006,"S-MD-S","AQ",2022-07-13,"1310",2022-07-14,"2022","July",1416,8.52,734.579439252336,762.465,2,219,6.46,43.61,15.8,1.4,163.968,134.4,341,39.884,15.99,0.319,0.0258,0.005,0.0293,0.081,0.67,30.7,3.36,7.04,5.44,0.64,14.2,4.06,7.66,29,544,181,1.63,27.8
221007,"S-MD-B","AQ",2022-07-13,"1340",2022-07-14,"2022","July",1410,7.66,723.148148148148,758.422,2,214.1,6.24,45.95,15.4,1.4,173.728,142.4,335.881,37.98,17.4,0.283,0.0661,0.0526,0.1778,0.031,0.504,30.7,3.36,7.04,5.44,0.57,14.2,4.06,7.66,29,544,181,20.99,27.8
210960,"A-BHC-S","JH",2021-07-26,"1530",2021-07-28,"2021","July",1408,8.53,683,737.631,2.61904761904764,216.1,7.37,37.95,14.5,1.4,145.424,119.2,332,41.4,16.8,0.239,0.528,0.7807,0.03085,0.004,0.624,8.12,1.2,1.6,1.67,2.02,9.32,2.8,8.16,8,19.2,58.89,4.37,23.5
210961,"A-BHC-B","JH",2021-07-26,"1530",2021-07-28,"2021","July",1392,7.78,757,741.272,2,213.2,5.439,45.39,14.49,1.4,169.824,139.2,322,40.3,16.94,0.25,0.0247,0.1007,0.006,0.004,0.408,8.12,1.2,1.6,1.67,2.02,2.57,2.8,8.16,8,19.2,42.15,2.22,23.5
210962,"A-D-S","JH",2021-07-26,"1400",2021-07-28,"2021","July",1381,8.87,742,731.534,4.66666666666665,219.6,5.543,37.73,14.84,9.6,126.88,112,329,40.9,16.73,0.267,0.037,0.0144,0.0109,0.004,0.593,8.12,1.2,1.6,1.67,2.02,2.98,2.8,8.16,8,19.2,298.8,6.09,23.5
210963,"A-D-B","JH",2021-07-26,"1400",2021-07-28,"2021","July",1409,7.84,756,749.813,2,216.3,5.316,47.54,14.57,1.4,171.776,140.8,324,40.8,16.81,0.258,0.0259,0.0351,0.05,0.004,0.317,8.12,1.2,1.6,1.67,2.02,35.61,2.8,8.16,8,19.2,48.3,2.98,23.5
210964,"A-M-S","JH",2021-07-26,"1500",2021-07-28,"2021","July",1394,8.67,747,738.805,3.44086021505378,222,5.587,38.07,14.88,1.4,142.496,116.8,330,41.5,16.69,0.269,0.0279,0.0056,0.0073,0.004,0.731,8.12,1.2,1.6,1.67,2.02,2.57,2.8,8.16,8,19.2,60.4,2.23,23.5
210965,"A-M-B","JH",2021-07-26,"1500",2021-07-28,"2021","July",1409,7.88,761,758.01,2,220.9,5.402,46.11,14.83,1.4,169.824,139.2,329,41.3,16.96,0.264,0.0099,0.0318,0.0099,0.004,0.312,8.12,1.2,1.6,1.67,2.02,10.17,2.8,8.16,8,19.2,47.2,5.07,23.5
210966,"A-TMI-S","JH",2021-07-26,"1600",2021-07-28,"2021","July",1386,8.6,754,736.491,4.08163265306122,219.6,5.414,37.23,14.54,1.4,142.496,116.8,331,41.5,17.13,0.327,0.0251,0.005,0.00745,0.004,0.624,8.12,1.2,1.6,1.67,2.02,2.57,2.8,8.16,8,19.2,52.44,3.29,23.5
210967,"B-BC-S","JH",2021-07-25,"4629",2021-07-28,"2021","July",638,8.68,354,382.502,3.83838383838385,53.81,2.99,29.93,36.78,1.4,249.856,204.8,40.9,73.1,22.12,0.429,0.0367,0.0141,0.006,0.004,0.405,15.82,1.2,1.6,1.67,2.02,2.57,3.21,8.16,8,19.2,69.63,2.43,23.5
210968,"B-BC-B","JH",2021-07-25,"4621",2021-07-28,"2021","July",590,8.46,363,354.357,7.70833333333334,44.46,3.132,31.41,35,1.4,240.096,196.8,29.2,70.5,22.44,0.422,0.0635,0.0397,0.0318,0.135,0.633,22.2,1.2,1.6,1.67,2.02,2.57,3.34,8.16,8,20.9,44.33,2.41,23.5
210969,"B-D-S","JH",2021-07-25,"1710",2021-07-28,"2021","July",614,8.7,346,347.493,4.13043478260871,45.94,2.698,30.91,17.35,9.6,249.856,212.8,31.7,69.8,21.42,0.4,0.015,0.025,0.006,0.004,0.323,16.39,1.2,1.6,1.67,2.02,2.57,3.33,8.16,8,19.2,40.07,2.22,23.5
210970,"B-D-B","JH",2021-07-25,"1700",2021-07-28,"2021","July",618,7.82,334,371.341,2,38.2,2.412,47.1,35.08,1.4,296.704,243.2,24.5,57.8,20.34,0.364,0.0167,0.0229,0.006,0.004,0.195,9.7,1.2,1.6,1.67,2.02,52,2.8,8.16,8,19.2,38.8,24.27,23.5
210971,"B-M-S","JH",2021-07-25,"1736",2021-07-28,"2021","July",603,8.69,338,366.209,3.33333333333335,45.2,2.614,30.3,38.3,19.2,240.096,212.8,30.1,70.9,21.12,0.393,0.0305,0.003,0.006,0.004,0.347,14.88,1.2,1.6,1.67,2.02,2.57,3.82,8.16,8,19.2,52.8,2.22,23.5
210972,"B-M-B","JH",2021-07-25,"1730",2021-07-28,"2021","July",621,7.91,340,367.907,2.34042553191488,39.1,2.387,44.94,34.87,1.4,288.896,236.8,25.2,58.6,20.74,0.382,0.0331,0.0193,0.0112,0.004,0.291,13.22,1.2,1.6,1.67,2.02,117.84,2.86,8.16,8,19.2,39.6,27.13,23.5
210973,"B-MBL-S","JH",2021-07-25,"1800",2021-07-28,"2021","July",600,8.73,342,364.52,2.49999999999999,44.73,2.598,30.2,38.3,1.4,259.616,212.8,29.2,70.5,21.32,0.406,0.0129,0.0116,0.00705,0.004,0.389,13.67,1.2,1.6,1.67,2.02,2.57,3.48,8.16,8,19.2,46.95,2.22,23.5
210974,"C-BCF-S","JH",2021-07-27,"1210",2021-07-28,"2021","July",1384,8.64,712,729.131,4.63157894736843,212.9,5.37,43,15,1.4,162.016,132.8,317,39.7,16.49,0.282,0.0171,0.0081,0.0161,0.004,0.24,8.12,1.2,1.6,1.67,2.02,2.57,2.8,8.16,8,19.2,40.46,2.22,23.5
210975,"C-BD-S","JH",2021-07-27,"1140",2021-07-28,"2021","July",1371,7.98,702,731.679,25,212,5.52,44.8,14.7,1.4,171.776,140.8,314,38.9,17.2,0.212,0.091,0.0153,0.055,0.079,0.649,8.12,1.2,1.6,1.67,2.02,10.94,2.8,8.16,8,19.2,50.3,4.84,23.5
210976,"C-D-S","JH",2021-07-27,"1230",2021-07-28,"2021","July",1338,8.74,696,711.536,4.99999999999999,209,5.47,41.99,14.4,1.4,152.256,124.8,311,38.5,16.28,0.273,0.049,0.0065,0.01015,0.016,0.766,8.12,1.2,1.6,1.67,2.02,2.64,2.8,8.16,8,19.2,71.9,26.56,23.5
210977,"C-D-B","JH",2021-07-27,"1230",2021-07-28,"2021","July",1409,7.84,754,747.01,2,218,5.488,44.8,15.1,1.4,162.992,133.6,326,40.5,16.97,0.273,0.041,0.0331,0.02485,0.004,0.417,8.12,1.2,1.6,1.67,2.02,2.57,2.8,8.16,8,19.2,40.46,2.22,23.5
210978,"C-M-S","JH",2021-07-27,"1310",2021-07-28,"2021","July",1362,8.31,738,723.557,3.63636363636363,210.5,5.56,43.2,14.7,1.4,161.04,132,315,39,16.38,0.274,0.0442,0.0135,0.01155,0.017,0.774,8.12,1.2,1.6,1.67,2.02,5.24,2.8,8.16,8,19.2,41.51,13.22,23.5
210979,"GR-D-S","JH",2021-07-27,"930",2021-07-28,"2021","July",1259,8.16,678,683.618,22.680412371134,181.1,5.25,48.74,19.46,1.4,210.816,172.8,263,43.3,18.98,0.327,0.1526,0.0974,0.07205,0.108,0.62,8.12,1.2,1.6,1.67,2.02,58.12,2.8,8.16,8,19.2,50.51,7.1,23.5
210980,"R-CRS-S","JH",2021-07-26,"1220",2021-07-28,"2021","July",1416,8.46,764,761.96,6.34146341463417,222.7,5.53,45.2,15.6,1.4,171.776,140.8,331,42.6,14.86,0.233,0.025,0.0031,0.0084,0.004,0.356,8.12,1.2,1.6,1.67,2.02,2.57,2.8,8.16,8,19.2,51.75,2.22,23.5
210981,"R-CRS-B","JH",2021-07-26,"1220",2021-07-28,"2021","July",1378,7.81,732,733.669,6.80851063829788,208,5.21,49.6,14.8,1.4,180.56,148,312,39.5,15.77,0.217,0.0384,0.0187,0.0164,0.004,0.324,8.12,1.2,1.6,1.67,2.02,151.78,2.8,8.16,8,19.2,44.47,3.89,23.5
210982,"R-D-S","JH",2021-07-26,"1135",2021-07-28,"2021","July",1497,8.4,783,793.761,1.95652173913045,234,5.67,45.1,15.95,1.4,169.824,139.2,351,44.1,14.43,0.224,0.0173,0.003,0.00875,0.004,0.983,8.12,1.2,1.6,1.67,2.02,2.57,2.8,8.16,8,19.2,52.48,6.15,23.5
210983,"R-D-B","JH",2021-07-26,"1135",2021-07-28,"2021","July",1376,7.72,715,728.421,2,204,5.07,48.3,14.41,1.4,179.584,147.2,312,39.7,16.63,0.164,0.0439,0.0366,0.0068,0.004,0.44,8.12,1.2,1.6,1.67,2.02,9.01,2.8,8.16,8,19.2,51.82,16.32,23.5
210984,"R-M-S","JH",2021-07-26,"1100",2021-07-28,"2021","July",1505,8.49,806,792.954,2,235,5.74,44.1,16.3,1.4,165.92,136,351,44.4,14.82,0.186,0.0164,0.0163,0.006,0.004,0.327,8.12,1.2,1.6,1.67,2.02,2.57,2.8,8.16,8,19.2,43.82,10.23,23.5
210985,"R-M-B","JH",2021-07-26,"1100",2021-07-28,"2021","July",1399,7.69,742,748.443,2,213,5.173,49.3,14.7,1.4,181.536,148.8,320,39.6,17.4,0.171,0.0698,0.0681,0.0694,0.004,0.454,8.12,1.2,1.6,1.67,2.02,198.64,2.8,8.16,8,19.2,37.1,3.21,23.5
210986,"R-WH-S","JH",2021-07-26,"1030",2021-07-28,"2021","July",1543,8.5,823,818.279,2,243,5.91,43.2,17.5,1.4,166.896,136.8,365,46.968,14.63,0.191,0.044,0.0033,0.006,0.004,0.396,8.12,1.2,1.6,1.67,2.02,2.57,2.8,8.16,8,19.2,60.9,3.72,23.5
210987,"R-WH-B","JH",2021-07-26,"1030",2021-07-28,"2021","July",1646,7.77,856,870.581,3.33333333333333,258,6.17,51.7,16.7,1.4,186.416,152.8,386,44.9,15.44,0.178,0.0201,0.003,0.01845,0.004,0.462,8.12,1.2,1.6,1.67,2.02,122.15,2.8,8.16,8,19.2,39.71,27.1,23.5
210988,"S-BC-S","JH",2021-07-27,"725",2021-07-28,"2021","July",1390,8.2,755,738.674,5.53191489361701,218,5.82,42.1,15,1.4,152.256,124.8,326,39.9,16.98,0.25,0.0791,0.0282,0.0314,0.004,0.78,8.12,1.2,1.6,1.67,2.02,2.57,2.8,8.16,8,19.2,65.35,5.73,23.5
210989,"S-BR-S","JH",2021-07-27,"830",2021-07-28,"2021","July",1431,8.29,762,756.709,2.91666666666668,226,5.77,41.3,15.6,1.4,154.208,126.4,334,40.9,17.31,0.25,0.0328,0.0091,0.006,0.004,0.589,8.12,1.2,1.6,1.67,2.02,2.57,2.8,8.16,8,19.2,46.57,2.22,23.5
210991,"S-MD-S","JH",2021-07-27,"800",2021-07-28,"2021","July",1429,8.49,757,764.23,2.80000000000001,227.4,5.77,41.3,15.6,1.4,159.088,130.4,337,41.7,17.23,0.307,0.0156,0.003,0.01265,0.004,0.532,8.12,1.2,1.6,1.67,2.02,2.57,2.8,8.16,8,19.2,45.15,5.31,23.5
210992,"S-MD-B","JH",2021-07-27,"800",2021-07-28,"2021","July",1427,7.82,782,763.401,3.39999999999998,223.5,5.71,45.6,15.6,1.4,166.896,136.8,333,40.2,17.7,0.289,0.0681,0.0455,1.1579,0.011,0.521,8.12,1.2,1.6,1.67,2.02,112.11,2.8,8.16,8,19.2,34.21,4.58,23.5
221444,"A-BHC-S","AQ",2022-10-18,"1650",2022-10-20,"2022","October",1490,7.96,794,777.784,2,227.1,7.74,46.47,15.93,1.4,175.68,144,339,38.96,16.08,0.233,0.024,0.008,0.0202,0.104,0.229,30.7,3.36,7.04,5.44,0.88,14.2,4.06,7.66,29,544,181,70.2,27.8
221445,"A-BHC-B","AQ",2022-10-18,"1700",2022-10-20,"2022","October",1483,7.62,782,768.966,10.8,221.9,6.55,47.68,15.6,1.4,182.512,149.6,334,37.4,16.02,0.21,0.0856,0.0511,0.1918,0.056,0.319,30.7,3.36,7.04,5.44,1.03,279.6,4.06,7.66,29,544,181,70.2,27.8
221446,"A-D-S","AQ",2022-10-18,"1510",2022-10-20,"2022","October",1483,8.29,791,773.183,2,225.1,6.84,44.09,15.8,1.4,164.944,135.2,344,39.6,16.6,0.2,0.0292,0.0048,0.0199,0.033,0.268,30.7,3.36,7.04,5.44,2.14,14.2,4.06,7.66,29,544,181,70.2,27.8
221447,"A-D-B","AQ",2022-10-18,"1530",2022-10-20,"2022","October",1482,7.57,738,766.204,2,219.8,6.52,47.12,15.4,1.4,182.512,149.6,334,37.6,15.83,0.19,0.0634,0.0771,0.1823,0.174,0.266,30.7,3.36,7.04,5.44,1.02,211.9,4.06,7.66,29,544,181,70.2,27.8
221448,"A-M-S","AQ",2022-10-18,"1610",2022-10-20,"2022","October",1498,8.13,773,775.627,2,225.3,6.74,45.25,15.9,1.4,172.752,141.6,341,39.6,16.79,0.22,0.0219,0.005,0.01,0.087,0.223,30.7,3.36,7.04,5.44,0.96,14.2,4.06,7.66,29,544,181,70.2,27.8
221449,"A-M-B","AQ",2022-10-18,"1625",2022-10-20,"2022","October",1489,8.01,767,774.278,2,225.3,6.69,45.84,15.9,1.4,172.752,141.6,339.9,39.1,16.56,0.2,0.0196,0.005,0.0173,0.028,0.223,30.7,3.36,7.04,5.44,1.01,14.2,4.06,7.66,29,544,181,70.2,27.8
221450,"A-TMI-S","AQ",2022-10-18,"1415",2022-10-20,"2022","October",1481,7.94,783,772.364,2,225.3,6.72,45.44,15.8,1.4,172.752,141.6,338,39.3,16.79,0.24,0.0162,0.005,0.0134,0.054,0.149,30.7,3.36,7.04,5.44,1.58,14.2,4.06,7.66,29,544,181,70.2,27.8
221451,"B-BC-S","AQ",2022-10-17,"1527",2022-10-18,"2022","October",592,8.5,335,348.193,13.4736842105263,40.38,5.91,36,34.8,1.4,270.352,221.6,26.8,56.8,14.44,0.26,0.0537,0.0162,0.0367,0.103,0.254,30.7,3.36,7.04,5.44,3.5,14.2,4.06,7.66,29,544,181,70.2,27.8
221452,"B-BC-B","AQ",2022-10-17,"1540",2022-10-18,"2022","October",621,8.53,312,348.708,7.19999999999999,45.41,4.3,34.48,34.6,19.2,233.264,207.2,33.8,56.9,14.86,0.26,0.069,0.0113,0.02,0.038,0.389,30.7,3.36,7.04,5.44,3.05,14.2,4.06,7.66,29,544,181,70.2,27.8
221453,"B-D-S","AQ",2022-10-17,"1621",2022-10-18,"2022","October",606,8.36,324,351.966,2,42.16,3.97,33.78,34.6,1.4,278.16,228,28.3,56.7,15.61,0.25,0.0323,0.0086,0.026,0.046,0.178,30.7,3.36,7.04,5.44,0.61,14.2,4.06,7.66,29,544,181,70.2,27.8
221454,"B-D-B","AQ",2022-10-17,"1641",2022-10-18,"2022","October",595,8.18,308,340.969,2,39.66,3.66,34.6,34.5,1.4,268.4,220,24.7,55.5,16.28,0.24,0.0373,0.0123,0.0432,0.069,0.173,30.7,3.36,7.04,5.44,0.57,142.4,4.06,7.66,29,544,181,70.2,27.8
221456,"B-M-S","AQ",2022-10-17,"1704",2022-10-18,"2022","October",596,8.4,321,343.345,2,40.92,3.81,34.76,34.8,1.4,262.544,215.2,26.7,57.03,16.03,0.25,0.0332,0.0112,0.0153,0.175,0.172,30.7,3.36,7.04,5.44,0.62,14.2,4.06,7.66,29,544,181,70.2,27.8
221457,"B-M-B","AQ",2022-10-17,"1718",2022-10-18,"2022","October",595,8.02,322,341.672,5.14851485148514,39.09,3.63,36.89,34.6,1.4,270.352,221.6,24.052,53.686,16.67,0.22,0.0564,0.0178,0.0884,0.094,0.3,30.7,3.36,7.04,5.44,0.57,293.2,4.06,7.66,29,544,181,70.2,27.8
221458,"B-MBL-S","AQ",2022-10-17,"1741",2022-10-18,"2022","October",592,8.47,318,340.75,2.4761904761905,40.52,3.72,34.37,35,1.4,260.592,213.6,25.8,57.821,15.32,0.24,0.0342,0.0152,0.011,0.039,0.192,30.7,3.36,7.04,5.44,0.57,14.2,4.06,7.66,29,544,181,70.2,27.8
221459,"C-BCF-S","AQ",2022-10-19,"930",2022-10-20,"2022","October",1467,7.76,794,755.817,2.44897959183671,216.4,6.32,44.95,15.6,1.4,170.8,140,334.6,37.797,16.1,0.19,0.0436,0.0092,0.0282,0.05,0.283,30.7,3.36,7.04,5.44,0.57,14.2,4.06,7.66,29,544,181,70.2,27.8
221460,"C-BD-S","AQ",2022-10-19,"855",2022-10-20,"2022","October",1488,7.57,1099,770.832,9,221.7,6.42,48.14,15.6,1.4,182.512,149.6,335.7,37.214,16.26,0.18,0.1156,0.08,0.3743,0.038,0.42,30.7,3.36,7.04,5.44,1.32,309.9,4.06,7.66,29,544,181,70.2,27.8
221461,"C-D-S","AQ",2022-10-19,"1010",2022-10-20,"2022","October",1480,7.93,798,767.849,2.39999999999998,221,6.59,45.81,15.95,1.4,172.752,141.6,338.9,38.248,16.35,0.19,0.0426,0.0072,0.0206,0.041,0.308,30.7,3.36,7.04,5.44,1.33,14.2,4.06,7.66,29,544,181,70.2,27.8
221462,"C-D-B","AQ",2022-10-19,"1030",2022-10-20,"2022","October",1478,7.53,751,769.429,2,219,6.39,47.93,15.7,1.4,190.32,156,332.3,37.675,16.81,0.18,0.1298,0.1073,0.4677,0.024,0.492,30.7,3.36,7.04,5.44,1.24,481.8,4.06,7.66,29,544,181,70.2,27.8
221463,"C-M-S","AQ",2022-10-19,"1100",2022-10-20,"2022","October",1477,7.71,773,768.707,2,219.2,6.58,46.54,15.8,1.4,174.704,143.2,341,37.321,16.3,0.048,0.0517,0.0202,0.0555,0.046,0.291,30.7,3.36,7.04,5.44,0.75,14.2,4.06,7.66,29,544,181,70.2,27.8
221464,"GR-D-S","AQ",2022-10-19,"1600",2022-10-20,"2022","October",1349,7.92,685,701.731,9.010989010989,191.8,6.19,46.33,18.4,1.4,197.152,161.6,287,37.66,17.16,0.22,0.0478,0.0859,0.1437,0.231,0.398,30.7,3.36,7.04,5.44,1.29,85.92,4.06,7.66,29,544,181,70.2,27.8
221465,"R-CRS-S","AQ",2022-10-18,"1205",2022-10-20,"2022","October",1554,8.27,767,808.658,2.37623762376235,236.2,6.9,40.55,16.3,1.4,160.064,131.2,373,41.461,15.42,0.135,0.0175,0.005,0.0235,0.107,0.149,30.7,3.36,7.04,5.44,0.92,14.2,4.06,7.66,29,544,181,70.2,27.8
221466,"R-CRS-B","AQ",2022-10-18,"1220",2022-10-20,"2022","October",1556,8.34,801,803.304,2,235.3,7.56,40.7,16.1,1.4,161.04,132,368,41,15.36,0.15,0.018,0.005,0.0233,0.084,0.131,30.7,3.36,7.04,5.44,0.99,14.2,4.06,7.66,29,544,181,70.2,27.8
221467,"R-D-S","AQ",2022-10-18,"1115",2022-10-20,"2022","October",1545,8.27,802,799.397,2,234.5,6.81,41.61,16.1,1.4,162.992,133.6,364,40.433,15.7,0.14,0.018,0.005,0.0147,0.084,0.172,30.7,3.36,7.04,5.44,1.5,14.2,4.06,7.66,29,544,181,70.2,27.8
221468,"R-D-B","AQ",2022-10-18,"1130",2022-10-20,"2022","October",1487,7.63,784,774.94,2,217.8,6.27,49.58,15.7,1.4,187.392,153.6,338,37.556,15.35,0.14,0.0614,0.0477,0.2661,2.524,0.272,30.7,3.36,7.04,5.44,0.57,175.8,4.06,7.66,29,544,181,72.12,27.8
221469,"R-M-S","AQ",2022-10-18,"1025",2022-10-20,"2022","October",1539,8.31,784,792.7073,2,233.5,6.74,41.16,16,1.4,158.112,129.6,362,40.0463,15.4,0.15,0.0214,0.0045,0.0258,0.101,0.163,30.7,3.36,7.04,5.44,1.27,14.2,4.06,7.66,29,544,181,70.2,27.8
221470,"R-M-B","AQ",2022-10-18,"1040",2022-10-20,"2022","October",1541,7.59,794,797.458,2.47422680412375,224.5,6.55,46.86,15.8,1.4,184.464,151.2,359,38.486,15.5,0.15,0.0307,0.0056,0.0581,0.042,0.177,30.7,3.36,7.04,5.44,0.57,539.5,4.06,7.66,29,544,181,124.2,27.8
221471,"R-WH-S","AQ",2022-10-18,"934",2022-10-20,"2022","October",1536,8.21,775,795.798,4.80000000000001,230.6,6.77,41.5,16.3,1.4,170.8,140,360,40.777,15.8,0.15,0.027,0.0047,0.0225,0.051,0.199,30.7,3.36,7.04,5.44,2.34,14.2,4.06,7.66,29,544,181,70.2,27.8
221472,"R-WH-B","AQ",2022-10-18,"950",2022-10-20,"2022","October",1561,8.17,821,811.178,3.80000000000001,233.4,6.89,42,15.8,1.4,162.992,133.6,376,41.089,15.8,0.14,0.0296,0.005,0.0243,0.039,0.171,30.7,3.36,7.04,5.44,2.59,14.2,4.06,7.66,29,544,181,70.2,27.8
221473,"S-BC-S","AQ",2022-10-19,"1310",2022-10-20,"2022","October",1482,7.77,691,763.683,2.52631578947366,218.9,6.6,45.18,15.6,1.4,172.752,141.6,338,38.469,15.9,0.21,0.0458,0.0087,0.0104,0.074,0.317,30.7,3.36,7.04,5.44,1.05,14.2,4.06,7.66,29,544,181,70.2,27.8
221474,"S-BR-S","AQ",2022-10-19,"1450",2022-10-20,"2022","October",1479,7.88,720,771.545,2,220,6.63,45.64,16,1.4,182.512,149.6,339,38.553,15.9,0.21,0.0327,0.0053,0.0147,0.062,0.294,30.7,3.36,7.04,5.44,0.59,14.2,4.06,7.66,29,544,181,70.2,27.8
221476,"S-MD-S","AQ",2022-10-19,"1405",2022-10-20,"2022","October",1478,7.87,771,764.712,2.60000000000002,219.2,6.63,44.58,15.6,1.4,180.56,148,339,34.858,16,0.21,0.0284,0.005,0.0168,0.044,0.255,30.7,3.36,7.04,5.44,0.79,14.2,4.06,7.66,29,544,181,70.2,27.8
221477,"S-MD-B","AQ",2022-10-19,"1425",2022-10-20,"2022","October",1472,7.59,779,765.901,3,215.2,6.44,45.3,15.5,1.4,176.656,144.8,342,38.246,16.3,0.2,0.0854,0.058,0.3491,0.035,0.463,30.7,3.36,7.04,5.44,0.57,230.5,4.06,7.66,29,544,181,70.2,27.8
